0,0,219,#000000,#000000
1,0,223,#000000,#000000
2,0,220,#000000,#000000
3,0,219,#000000,#000000
4,0,219,#000000,#000000
5,0,219,#000000,#000000
6,0,219,#000000,#000000
7,0,219,#000000,#000000
8,0,219,#000000,#000000
9,0,219,#000000,#000000
10,0,219,#000000,#000000
11,0,219,#000000,#000000
12,0,219,#000000,#000000
13,0,219,#000000,#000000
14,0,219,#000000,#000000
15,0,219,#000000,#000000
16,0,219,#000000,#000000
17,0,219,#000000,#000000
18,0,219,#000000,#000000
19,0,219,#000000,#000000
20,0,219,#000000,#000000
21,0,219,#000000,#000000
22,0,219,#000000,#000000
23,0,219,#000000,#000000
24,0,219,#000000,#000000
25,0,219,#000000,#000000
26,0,219,#000000,#000000
27,0,219,#000000,#000000
28,0,219,#000000,#000000
29,0,219,#000000,#000000
30,0,219,#000000,#000000
31,0,219,#000000,#000000
32,0,219,#000000,#000000
33,0,219,#000000,#000000
34,0,219,#000000,#000000
35,0,219,#000000,#000000
36,0,219,#000000,#000000
37,0,219,#000000,#000000
38,0,219,#000000,#000000
39,0,219,#000000,#000000
40,0,219,#000000,#000000
41,0,219,#000000,#000000
42,0,219,#000000,#000000
43,0,219,#000000,#000000
44,0,219,#000000,#000000
45,0,219,#000000,#000000
46,0,219,#000000,#000000
47,0,219,#000000,#000000
48,0,219,#000000,#000000
49,0,219,#000000,#000000
50,0,219,#000000,#000000
51,0,219,#000000,#000000
52,0,219,#000000,#000000
53,0,219,#000000,#000000
54,0,219,#000000,#000000
55,0,219,#000000,#000000
56,0,219,#000000,#000000
57,0,219,#000000,#000000
58,0,219,#000000,#000000
59,0,219,#000000,#000000
60,0,219,#000000,#000000
61,0,219,#000000,#000000
62,0,219,#000000,#000000
63,0,219,#000000,#000000
64,0,219,#000000,#000000
65,0,219,#000000,#000000
66,0,219,#000000,#000000
67,0,219,#000000,#000000
68,0,219,#000000,#000000
69,0,219,#000000,#000000
70,0,219,#000000,#000000
71,0,219,#000000,#000000
72,0,219,#000000,#000000
73,0,219,#000000,#000000
74,0,219,#000000,#000000
75,0,219,#000000,#000000
76,0,219,#000000,#000000
77,0,219,#000000,#000000
78,0,219,#000000,#000000
79,0,219,#000000,#000000
0,1,219,#000000,#000000
1,1,219,#000000,#000000
2,1,219,#000000,#000000
3,1,219,#000000,#000000
4,1,219,#000000,#000000
5,1,219,#000000,#000000
6,1,219,#000000,#000000
7,1,220,#D9FF66,#000000
8,1,220,#D9FF66,#000000
9,1,220,#D9FF66,#000000
10,1,220,#D9FF66,#000000
11,1,220,#D9FF66,#000000
12,1,220,#D9FF66,#000000
13,1,220,#D9FF66,#000000
14,1,220,#D9FF66,#000000
15,1,220,#D9FF66,#000000
16,1,220,#D9FF66,#000000
17,1,220,#D9FF66,#000000
18,1,220,#D9FF66,#000000
19,1,220,#D9FF66,#000000
20,1,220,#D9FF66,#000000
21,1,220,#D9FF66,#000000
22,1,220,#D9FF66,#000000
23,1,220,#D9FF66,#000000
24,1,220,#D9FF66,#000000
25,1,220,#D9FF66,#000000
26,1,220,#D9FF66,#000000
27,1,220,#D9FF66,#000000
28,1,220,#D9FF66,#000000
29,1,220,#D9FF66,#000000
30,1,220,#D9FF66,#000000
31,1,220,#D9FF66,#000000
32,1,220,#D9FF66,#000000
33,1,220,#D9FF66,#000000
34,1,220,#D9FF66,#000000
35,1,220,#D9FF66,#000000
36,1,220,#D9FF66,#000000
37,1,220,#D9FF66,#000000
38,1,220,#D9FF66,#000000
39,1,220,#D9FF66,#000000
40,1,220,#D9FF66,#000000
41,1,220,#D9FF66,#000000
42,1,220,#D9FF66,#000000
43,1,220,#D9FF66,#000000
44,1,220,#D9FF66,#000000
45,1,220,#D9FF66,#000000
46,1,220,#D9FF66,#000000
47,1,220,#D9FF66,#000000
48,1,220,#D9FF66,#000000
49,1,220,#D9FF66,#000000
50,1,220,#D9FF66,#000000
51,1,220,#D9FF66,#000000
52,1,220,#D9FF66,#000000
53,1,220,#D9FF66,#000000
54,1,220,#D9FF66,#000000
55,1,220,#D9FF66,#000000
56,1,220,#D9FF66,#000000
57,1,220,#D9FF66,#000000
58,1,220,#D9FF66,#000000
59,1,220,#D9FF66,#000000
60,1,220,#D9FF66,#000000
61,1,220,#D9FF66,#000000
62,1,220,#D9FF66,#000000
63,1,220,#D9FF66,#000000
64,1,220,#D9FF66,#000000
65,1,220,#D9FF66,#000000
66,1,220,#D9FF66,#000000
67,1,220,#D9FF66,#000000
68,1,220,#D9FF66,#000000
69,1,220,#D9FF66,#000000
70,1,220,#D9FF66,#000000
71,1,220,#D9FF66,#000000
72,1,219,#000000,#000000
73,1,219,#000000,#000000
74,1,219,#000000,#000000
75,1,219,#000000,#000000
76,1,219,#000000,#000000
77,1,219,#000000,#000000
78,1,219,#000000,#000000
79,1,219,#000000,#000000
0,2,219,#000000,#000000
1,2,219,#000000,#000000
2,2,219,#000000,#000000
3,2,219,#000000,#000000
4,2,219,#000000,#000000
5,2,219,#000000,#000000
6,2,219,#000000,#000000
7,2,219,#A3D900,#86B200
8,2,223,#D9FF66,#A3D900
9,2,223,#D9FF66,#86B200
10,2,223,#D9FF66,#86B200
11,2,223,#D9FF66,#86B200
12,2,223,#D9FF66,#86B200
13,2,223,#D9FF66,#86B200
14,2,223,#D9FF66,#86B200
15,2,223,#D9FF66,#86B200
16,2,223,#D9FF66,#86B200
17,2,223,#D9FF66,#86B200
18,2,223,#D9FF66,#86B200
19,2,223,#D9FF66,#86B200
20,2,223,#D9FF66,#86B200
21,2,223,#D9FF66,#86B200
22,2,223,#D9FF66,#86B200
23,2,223,#D9FF66,#86B200
24,2,223,#D9FF66,#86B200
25,2,223,#D9FF66,#86B200
26,2,223,#D9FF66,#86B200
27,2,223,#D9FF66,#86B200
28,2,223,#D9FF66,#86B200
29,2,223,#D9FF66,#86B200
30,2,223,#D9FF66,#86B200
31,2,223,#D9FF66,#86B200
32,2,223,#D9FF66,#86B200
33,2,223,#D9FF66,#86B200
34,2,223,#D9FF66,#86B200
35,2,223,#D9FF66,#86B200
36,2,223,#D9FF66,#86B200
37,2,223,#D9FF66,#86B200
38,2,223,#D9FF66,#86B200
39,2,223,#D9FF66,#86B200
40,2,223,#D9FF66,#86B200
41,2,223,#D9FF66,#86B200
42,2,223,#D9FF66,#86B200
43,2,223,#D9FF66,#86B200
44,2,223,#D9FF66,#86B200
45,2,223,#D9FF66,#86B200
46,2,223,#D9FF66,#86B200
47,2,223,#D9FF66,#86B200
48,2,223,#D9FF66,#86B200
49,2,223,#D9FF66,#86B200
50,2,223,#D9FF66,#86B200
51,2,223,#D9FF66,#86B200
52,2,223,#D9FF66,#86B200
53,2,223,#D9FF66,#86B200
54,2,223,#D9FF66,#86B200
55,2,223,#D9FF66,#86B200
56,2,223,#D9FF66,#86B200
57,2,223,#D9FF66,#86B200
58,2,223,#D9FF66,#86B200
59,2,223,#D9FF66,#86B200
60,2,223,#D9FF66,#86B200
61,2,223,#D9FF66,#86B200
62,2,223,#D9FF66,#86B200
63,2,223,#D9FF66,#86B200
64,2,223,#D9FF66,#86B200
65,2,223,#D9FF66,#86B200
66,2,223,#D9FF66,#86B200
67,2,223,#D9FF66,#86B200
68,2,223,#D9FF66,#86B200
69,2,223,#D9FF66,#86B200
70,2,223,#D9FF66,#A3D900
71,2,219,#A3D900,#86B200
72,2,219,#000000,#000000
73,2,219,#000000,#000000
74,2,219,#000000,#000000
75,2,219,#000000,#000000
76,2,219,#000000,#000000
77,2,219,#000000,#000000
78,2,219,#000000,#000000
79,2,219,#000000,#000000
0,3,219,#000000,#000000
1,3,219,#000000,#000000
2,3,219,#000000,#000000
3,3,219,#000000,#000000
4,3,219,#000000,#000000
5,3,219,#000000,#000000
6,3,219,#000000,#000000
7,3,219,#A3D900,#86B200
8,3,219,#A3D900,#86B200
9,3,219,#86B200,#86B200
10,3,219,#D9FF66,#000000
11,3,219,#D9FF66,#000000
12,3,219,#D9FF66,#D9FF66
13,3,219,#D9FF66,#D9FF66
14,3,219,#D9FF66,#D9FF66
15,3,219,#D9FF66,#D9FF66
16,3,219,#D9FF66,#D9FF66
17,3,219,#D9FF66,#000000
18,3,219,#D9FF66,#000000
19,3,219,#D9FF66,#000000
20,3,219,#D9FF66,#000000
21,3,219,#D9FF66,#000000
22,3,219,#D9FF66,#000000
23,3,219,#D9FF66,#000000
24,3,219,#D9FF66,#000000
25,3,219,#D9FF66,#000000
26,3,219,#D9FF66,#000000
27,3,219,#D9FF66,#000000
28,3,219,#D9FF66,#000000
29,3,219,#D9FF66,#000000
30,3,219,#D9FF66,#000000
31,3,219,#D9FF66,#000000
32,3,219,#D9FF66,#000000
33,3,219,#D9FF66,#000000
34,3,219,#D9FF66,#000000
35,3,219,#D9FF66,#000000
36,3,219,#D9FF66,#000000
37,3,219,#D9FF66,#000000
38,3,219,#D9FF66,#000000
39,3,219,#D9FF66,#000000
40,3,219,#D9FF66,#000000
41,3,219,#D9FF66,#000000
42,3,219,#D9FF66,#000000
43,3,219,#D9FF66,#000000
44,3,219,#D9FF66,#000000
45,3,219,#D9FF66,#000000
46,3,219,#D9FF66,#000000
47,3,219,#D9FF66,#000000
48,3,219,#D9FF66,#000000
49,3,219,#D9FF66,#000000
50,3,219,#D9FF66,#000000
51,3,219,#D9FF66,#000000
52,3,219,#D9FF66,#000000
53,3,219,#D9FF66,#000000
54,3,219,#D9FF66,#000000
55,3,219,#D9FF66,#000000
56,3,219,#D9FF66,#000000
57,3,219,#D9FF66,#000000
58,3,219,#D9FF66,#000000
59,3,219,#D9FF66,#000000
60,3,219,#D9FF66,#000000
61,3,219,#D9FF66,#000000
62,3,219,#D9FF66,#000000
63,3,219,#D9FF66,#000000
64,3,219,#D9FF66,#000000
65,3,219,#D9FF66,#000000
66,3,219,#D9FF66,#000000
67,3,219,#D9FF66,#000000
68,3,219,#D9FF66,#D9FF66
69,3,219,#86B200,#86B200
70,3,219,#A3D900,#86B200
71,3,219,#A3D900,#86B200
72,3,219,#000000,#000000
73,3,219,#000000,#000000
74,3,219,#000000,#000000
75,3,219,#000000,#000000
76,3,219,#000000,#000000
77,3,219,#000000,#000000
78,3,219,#000000,#000000
79,3,219,#000000,#000000
0,4,219,#000000,#000000
1,4,219,#000000,#000000
2,4,219,#000000,#000000
3,4,219,#000000,#000000
4,4,219,#000000,#000000
5,4,219,#000000,#000000
6,4,219,#000000,#000000
7,4,219,#A3D900,#86B200
8,4,219,#A3D900,#86B200
9,4,219,#86B200,#86B200
10,4,219,#D9FF66,#000000
11,4,219,#D9FF66,#D9FF66
12,4,219,#A3D900,#D9FF66
13,4,219,#A3D900,#D9FF66
14,4,223,#A3D900,#D9FF66
15,4,219,#D9FF66,#000000
16,4,219,#A3D900,#D9FF66
17,4,219,#A3D900,#D9FF66
18,4,219,#D9FF66,#D9FF66
19,4,223,#A3D900,#D9FF66
20,4,219,#A3D900,#D9FF66
21,4,219,#A3D900,#D9FF66
22,4,219,#D9FF66,#000000
23,4,219,#D9FF66,#000000
24,4,219,#A3D900,#D9FF66
25,4,219,#A3D900,#D9FF66
26,4,219,#D9FF66,#000000
27,4,223,#A3D900,#D9FF66
28,4,223,#A3D900,#D9FF66
29,4,219,#A3D900,#D9FF66
30,4,219,#A3D900,#D9FF66
31,4,219,#D9FF66,#000000
32,4,219,#D9FF66,#000000
33,4,219,#A3D900,#D9FF66
34,4,219,#A3D900,#D9FF66
35,4,223,#A3D900,#D9FF66
36,4,219,#D9FF66,#000000
37,4,219,#A3D900,#D9FF66
38,4,219,#A3D900,#D9FF66
39,4,219,#D9FF66,#D9FF66
40,4,223,#A3D900,#D9FF66
41,4,219,#A3D900,#D9FF66
42,4,219,#A3D900,#D9FF66
43,4,219,#D9FF66,#000000
44,4,219,#D9FF66,#000000
45,4,219,#A3D900,#D9FF66
46,4,219,#A3D900,#D9FF66
47,4,219,#D9FF66,#D9FF66
48,4,219,#A3D900,#D9FF66
49,4,219,#A3D900,#D9FF66
50,4,219,#A3D900,#D9FF66
51,4,220,#A3D900,#D9FF66
52,4,219,#D9FF66,#000000
53,4,219,#D9FF66,#000000
54,4,219,#A3D900,#D9FF66
55,4,219,#A3D900,#D9FF66
56,4,219,#D9FF66,#000000
57,4,219,#D9FF66,#000000
58,4,220,#A3D900,#D9FF66
59,4,219,#A3D900,#D9FF66
60,4,223,#A3D900,#D9FF66
61,4,219,#D9FF66,#D9FF66
62,4,223,#A3D900,#D9FF66
63,4,219,#A3D900,#D9FF66
64,4,219,#A3D900,#D9FF66
65,4,219,#D9FF66,#000000
66,4,84,#000000,#D9FF66
67,4,77,#000000,#D9FF66
68,4,219,#D9FF66,#D9FF66
69,4,219,#86B200,#86B200
70,4,219,#A3D900,#86B200
71,4,219,#A3D900,#86B200
72,4,219,#000000,#000000
73,4,219,#000000,#000000
74,4,219,#000000,#000000
75,4,219,#000000,#000000
76,4,219,#000000,#000000
77,4,219,#000000,#000000
78,4,219,#000000,#000000
79,4,219,#000000,#000000
0,5,219,#000000,#000000
1,5,219,#000000,#000000
2,5,219,#000000,#000000
3,5,219,#000000,#000000
4,5,219,#000000,#000000
5,5,219,#000000,#000000
6,5,219,#000000,#000000
7,5,219,#A3D900,#86B200
8,5,219,#A3D900,#86B200
9,5,219,#86B200,#86B200
10,5,219,#D9FF66,#000000
11,5,219,#D9FF66,#D9FF66
12,5,223,#A3D900,#D9FF66
13,5,223,#D9FF66,#D9FF66
14,5,219,#D9FF66,#000000
15,5,219,#D9FF66,#000000
16,5,223,#A3D900,#86B200
17,5,223,#A3D900,#86B200
18,5,219,#D9FF66,#D9FF66
19,5,219,#D9FF66,#000000
20,5,219,#D9FF66,#000000
21,5,223,#A3D900,#D9FF66
22,5,219,#D9FF66,#000000
23,5,219,#D9FF66,#000000
24,5,223,#A3D900,#86B200
25,5,223,#A3D900,#86B200
26,5,219,#D9FF66,#000000
27,5,219,#D9FF66,#000000
28,5,220,#86B200,#D9FF66
29,5,219,#D9FF66,#000000
30,5,223,#A3D900,#D9FF66
31,5,219,#D9FF66,#000000
32,5,219,#D9FF66,#000000
33,5,223,#A3D900,#D9FF66
34,5,223,#D9FF66,#D9FF66
35,5,219,#D9FF66,#000000
36,5,219,#D9FF66,#000000
37,5,223,#A3D900,#86B200
38,5,223,#A3D900,#86B200
39,5,219,#D9FF66,#D9FF66
40,5,219,#D9FF66,#000000
41,5,219,#D9FF66,#000000
42,5,223,#A3D900,#D9FF66
43,5,219,#D9FF66,#000000
44,5,219,#D9FF66,#000000
45,5,223,#A3D900,#86B200
46,5,223,#A3D900,#86B200
47,5,219,#D9FF66,#D9FF66
48,5,223,#A3D900,#86B200
49,5,223,#A3D900,#86B200
50,5,223,#A3D900,#86B200
51,5,223,#A3D900,#86B200
52,5,219,#D9FF66,#000000
53,5,219,#D9FF66,#000000
54,5,223,#A3D900,#86B200
55,5,223,#A3D900,#86B200
56,5,219,#D9FF66,#000000
57,5,219,#D9FF66,#000000
58,5,223,#A3D900,#86B200
59,5,223,#A3D900,#86B200
60,5,223,#A3D900,#86B200
61,5,223,#A3D900,#86B200
62,5,223,#D9FF66,#86B200
63,5,219,#D9FF66,#D9FF66
64,5,223,#A3D900,#D9FF66
65,5,219,#D9FF66,#000000
66,5,219,#D9FF66,#000000
67,5,219,#D9FF66,#000000
68,5,219,#D9FF66,#D9FF66
69,5,219,#86B200,#86B200
70,5,219,#A3D900,#86B200
71,5,219,#A3D900,#86B200
72,5,219,#000000,#000000
73,5,219,#000000,#000000
74,5,219,#000000,#000000
75,5,219,#000000,#000000
76,5,219,#000000,#000000
77,5,219,#000000,#000000
78,5,219,#000000,#000000
79,5,219,#000000,#000000
0,6,219,#000000,#000000
1,6,219,#000000,#000000
2,6,219,#000000,#000000
3,6,219,#000000,#000000
4,6,219,#000000,#000000
5,6,219,#000000,#000000
6,6,219,#000000,#000000
7,6,219,#A3D900,#86B200
8,6,219,#A3D900,#86B200
9,6,219,#86B200,#86B200
10,6,219,#D9FF66,#000000
11,6,219,#D9FF66,#000000
12,6,219,#D9FF66,#000000
13,6,219,#D9FF66,#000000
14,6,219,#D9FF66,#000000
15,6,219,#D9FF66,#000000
16,6,219,#86B200,#D9FF66
17,6,219,#86B200,#D9FF66
18,6,219,#D9FF66,#D9FF66
19,6,219,#D9FF66,#D9FF66
20,6,219,#D9FF66,#000000
21,6,219,#D9FF66,#000000
22,6,219,#D9FF66,#000000
23,6,219,#D9FF66,#000000
24,6,219,#86B200,#D9FF66
25,6,219,#86B200,#D9FF66
26,6,219,#D9FF66,#000000
27,6,223,#86B200,#D9FF66
28,6,219,#86B200,#D9FF66
29,6,219,#D9FF66,#000000
30,6,219,#D9FF66,#000000
31,6,219,#D9FF66,#000000
32,6,219,#D9FF66,#000000
33,6,219,#D9FF66,#000000
34,6,219,#D9FF66,#000000
35,6,219,#D9FF66,#000000
36,6,219,#D9FF66,#000000
37,6,219,#86B200,#D9FF66
38,6,219,#86B200,#D9FF66
39,6,219,#D9FF66,#000000
40,6,219,#D9FF66,#000000
41,6,219,#D9FF66,#000000
42,6,219,#D9FF66,#000000
43,6,219,#D9FF66,#000000
44,6,219,#D9FF66,#000000
45,6,219,#86B200,#D9FF66
46,6,219,#86B200,#D9FF66
47,6,219,#D9FF66,#D9FF66
48,6,219,#86B200,#86B200
49,6,223,#86B200,#D9FF66
50,6,223,#86B200,#D9FF66
51,6,219,#D9FF66,#000000
52,6,219,#D9FF66,#000000
53,6,219,#D9FF66,#000000
54,6,219,#86B200,#D9FF66
55,6,219,#86B200,#D9FF66
56,6,219,#D9FF66,#000000
57,6,219,#D9FF66,#000000
58,6,219,#D9FF66,#000000
59,6,223,#86B200,#D9FF66
60,6,219,#86B200,#D9FF66
61,6,219,#86B200,#D9FF66
62,6,219,#86B200,#D9FF66
63,6,219,#86B200,#D9FF66
64,6,223,#D9FF66,#86B200
65,6,219,#D9FF66,#000000
66,6,219,#D9FF66,#000000
67,6,219,#D9FF66,#000000
68,6,219,#D9FF66,#D9FF66
69,6,219,#86B200,#86B200
70,6,219,#A3D900,#86B200
71,6,219,#A3D900,#86B200
72,6,219,#000000,#000000
73,6,219,#000000,#000000
74,6,219,#000000,#000000
75,6,219,#000000,#000000
76,6,219,#000000,#000000
77,6,219,#000000,#000000
78,6,219,#000000,#000000
79,6,219,#000000,#000000
0,7,219,#000000,#000000
1,7,219,#000000,#000000
2,7,219,#000000,#000000
3,7,219,#000000,#000000
4,7,219,#000000,#000000
5,7,219,#000000,#000000
6,7,219,#000000,#000000
7,7,219,#A3D900,#86B200
8,7,219,#A3D900,#86B200
9,7,219,#86B200,#86B200
10,7,219,#D9FF66,#000000
11,7,219,#D9FF66,#000000
12,7,219,#D9FF66,#000000
13,7,219,#D9FF66,#000000
14,7,219,#D9FF66,#000000
15,7,219,#D9FF66,#000000
16,7,220,#000000,#000000
17,7,220,#000000,#000000
18,7,219,#D9FF66,#D9FF66
19,7,219,#D9FF66,#D9FF66
20,7,219,#D9FF66,#000000
21,7,219,#D9FF66,#000000
22,7,219,#D9FF66,#000000
23,7,219,#D9FF66,#000000
24,7,220,#000000,#000000
25,7,220,#000000,#000000
26,7,219,#D9FF66,#000000
27,7,219,#D9FF66,#000000
28,7,219,#D9FF66,#000000
29,7,220,#000000,#D9FF66
30,7,219,#000000,#D9FF66
31,7,219,#D9FF66,#000000
32,7,219,#D9FF66,#000000
33,7,219,#D9FF66,#000000
34,7,219,#D9FF66,#000000
35,7,219,#D9FF66,#000000
36,7,219,#D9FF66,#000000
37,7,220,#000000,#000000
38,7,220,#000000,#000000
39,7,219,#D9FF66,#000000
40,7,219,#D9FF66,#000000
41,7,219,#D9FF66,#000000
42,7,219,#D9FF66,#000000
43,7,219,#D9FF66,#000000
44,7,219,#D9FF66,#000000
45,7,220,#000000,#000000
46,7,220,#000000,#000000
47,7,219,#D9FF66,#D9FF66
48,7,219,#000000,#D9FF66
49,7,219,#000000,#D9FF66
50,7,220,#000000,#D9FF66
51,7,219,#D9FF66,#000000
52,7,219,#D9FF66,#000000
53,7,219,#D9FF66,#000000
54,7,220,#000000,#000000
55,7,220,#000000,#000000
56,7,219,#D9FF66,#000000
57,7,219,#D9FF66,#000000
58,7,219,#000000,#D9FF66
59,7,220,#000000,#D9FF66
60,7,219,#D9FF66,#D9FF66
61,7,223,#000000,#D9FF66
62,7,223,#000000,#D9FF66
63,7,219,#000000,#D9FF66
64,7,219,#000000,#D9FF66
65,7,219,#D9FF66,#000000
66,7,219,#D9FF66,#000000
67,7,219,#D9FF66,#000000
68,7,219,#D9FF66,#D9FF66
69,7,219,#86B200,#86B200
70,7,219,#A3D900,#86B200
71,7,219,#A3D900,#86B200
72,7,219,#000000,#000000
73,7,219,#000000,#000000
74,7,219,#000000,#000000
75,7,219,#000000,#000000
76,7,219,#000000,#000000
77,7,219,#000000,#000000
78,7,219,#000000,#000000
79,7,219,#000000,#000000
0,8,219,#000000,#000000
1,8,219,#000000,#000000
2,8,219,#000000,#000000
3,8,219,#000000,#000000
4,8,219,#000000,#000000
5,8,219,#000000,#000000
6,8,219,#000000,#000000
7,8,219,#A3D900,#86B200
8,8,219,#A3D900,#86B200
9,8,219,#86B200,#86B200
10,8,219,#D9FF66,#000000
11,8,219,#D9FF66,#000000
12,8,219,#D9FF66,#000000
13,8,219,#D9FF66,#000000
14,8,219,#D9FF66,#000000
15,8,219,#D9FF66,#000000
16,8,223,#000000,#D9FF66
17,8,223,#000000,#D9FF66
18,8,219,#D9FF66,#D9FF66
19,8,219,#D9FF66,#D9FF66
20,8,219,#D9FF66,#000000
21,8,219,#D9FF66,#000000
22,8,219,#D9FF66,#000000
23,8,219,#D9FF66,#000000
24,8,223,#000000,#D9FF66
25,8,223,#000000,#D9FF66
26,8,219,#D9FF66,#000000
27,8,223,#000000,#D9FF66
28,8,223,#000000,#D9FF66
29,8,223,#000000,#D9FF66
30,8,223,#000000,#D9FF66
31,8,219,#D9FF66,#000000
32,8,219,#D9FF66,#000000
33,8,219,#D9FF66,#000000
34,8,219,#D9FF66,#000000
35,8,219,#D9FF66,#000000
36,8,219,#D9FF66,#000000
37,8,223,#000000,#D9FF66
38,8,223,#000000,#D9FF66
39,8,219,#D9FF66,#000000
40,8,219,#D9FF66,#000000
41,8,219,#D9FF66,#000000
42,8,219,#D9FF66,#000000
43,8,219,#D9FF66,#000000
44,8,219,#D9FF66,#000000
45,8,223,#000000,#D9FF66
46,8,223,#000000,#D9FF66
47,8,219,#D9FF66,#D9FF66
48,8,223,#000000,#D9FF66
49,8,223,#000000,#D9FF66
50,8,223,#000000,#D9FF66
51,8,223,#000000,#D9FF66
52,8,219,#D9FF66,#000000
53,8,219,#D9FF66,#000000
54,8,223,#000000,#D9FF66
55,8,223,#000000,#D9FF66
56,8,219,#D9FF66,#000000
57,8,219,#D9FF66,#000000
58,8,223,#000000,#D9FF66
59,8,223,#000000,#D9FF66
60,8,223,#000000,#D9FF66
61,8,219,#D9FF66,#D9FF66
62,8,223,#000000,#D9FF66
63,8,223,#000000,#D9FF66
64,8,219,#D9FF66,#D9FF66
65,8,219,#D9FF66,#000000
66,8,219,#D9FF66,#000000
67,8,219,#D9FF66,#000000
68,8,219,#D9FF66,#D9FF66
69,8,219,#86B200,#86B200
70,8,219,#A3D900,#86B200
71,8,219,#A3D900,#86B200
72,8,219,#000000,#000000
73,8,219,#000000,#000000
74,8,219,#000000,#000000
75,8,219,#000000,#000000
76,8,219,#000000,#000000
77,8,219,#000000,#000000
78,8,219,#000000,#000000
79,8,219,#000000,#000000
0,9,219,#000000,#000000
1,9,219,#000000,#000000
2,9,219,#000000,#000000
3,9,219,#000000,#000000
4,9,219,#000000,#000000
5,9,219,#000000,#000000
6,9,219,#000000,#000000
7,9,219,#A3D900,#86B200
8,9,219,#A3D900,#86B200
9,9,219,#86B200,#86B200
10,9,223,#D9FF66,#86B200
11,9,223,#D9FF66,#86B200
12,9,223,#D9FF66,#86B200
13,9,223,#D9FF66,#86B200
14,9,223,#D9FF66,#86B200
15,9,223,#D9FF66,#86B200
16,9,223,#D9FF66,#86B200
17,9,223,#D9FF66,#86B200
18,9,223,#D9FF66,#86B200
19,9,223,#D9FF66,#86B200
20,9,223,#D9FF66,#86B200
21,9,223,#D9FF66,#86B200
22,9,223,#D9FF66,#86B200
23,9,223,#D9FF66,#86B200
24,9,223,#D9FF66,#86B200
25,9,223,#D9FF66,#86B200
26,9,223,#D9FF66,#86B200
27,9,223,#D9FF66,#86B200
28,9,223,#D9FF66,#86B200
29,9,223,#D9FF66,#86B200
30,9,223,#D9FF66,#86B200
31,9,223,#D9FF66,#86B200
32,9,223,#D9FF66,#86B200
33,9,223,#D9FF66,#86B200
34,9,223,#D9FF66,#86B200
35,9,223,#D9FF66,#86B200
36,9,223,#D9FF66,#86B200
37,9,223,#D9FF66,#86B200
38,9,223,#D9FF66,#86B200
39,9,223,#D9FF66,#86B200
40,9,223,#D9FF66,#86B200
41,9,223,#D9FF66,#86B200
42,9,223,#D9FF66,#86B200
43,9,223,#D9FF66,#86B200
44,9,223,#D9FF66,#86B200
45,9,223,#D9FF66,#86B200
46,9,223,#D9FF66,#86B200
47,9,223,#D9FF66,#86B200
48,9,223,#D9FF66,#86B200
49,9,223,#D9FF66,#86B200
50,9,223,#D9FF66,#86B200
51,9,223,#D9FF66,#86B200
52,9,223,#D9FF66,#86B200
53,9,223,#D9FF66,#86B200
54,9,223,#D9FF66,#86B200
55,9,223,#D9FF66,#86B200
56,9,223,#D9FF66,#86B200
57,9,223,#D9FF66,#86B200
58,9,223,#D9FF66,#86B200
59,9,223,#D9FF66,#86B200
60,9,223,#D9FF66,#86B200
61,9,223,#D9FF66,#86B200
62,9,223,#D9FF66,#86B200
63,9,223,#D9FF66,#86B200
64,9,223,#D9FF66,#86B200
65,9,223,#D9FF66,#86B200
66,9,223,#D9FF66,#86B200
67,9,223,#D9FF66,#86B200
68,9,223,#D9FF66,#86B200
69,9,219,#86B200,#86B200
70,9,219,#A3D900,#86B200
71,9,219,#A3D900,#86B200
72,9,219,#000000,#000000
73,9,219,#000000,#000000
74,9,219,#000000,#000000
75,9,219,#000000,#000000
76,9,219,#000000,#000000
77,9,219,#000000,#000000
78,9,219,#000000,#000000
79,9,219,#000000,#000000
0,10,219,#000000,#000000
1,10,219,#000000,#000000
2,10,219,#000000,#000000
3,10,219,#000000,#000000
4,10,219,#000000,#000000
5,10,219,#000000,#000000
6,10,219,#000000,#000000
7,10,219,#A3D900,#86B200
8,10,223,#A3D900,#000000
9,10,219,#000000,#86B200
10,10,219,#000000,#86B200
11,10,219,#000000,#86B200
12,10,219,#000000,#86B200
13,10,219,#000000,#86B200
14,10,219,#000000,#86B200
15,10,219,#000000,#86B200
16,10,219,#000000,#86B200
17,10,219,#000000,#86B200
18,10,219,#000000,#86B200
19,10,219,#000000,#86B200
20,10,219,#000000,#86B200
21,10,219,#000000,#86B200
22,10,219,#000000,#86B200
23,10,219,#000000,#86B200
24,10,219,#000000,#86B200
25,10,219,#000000,#86B200
26,10,219,#000000,#86B200
27,10,219,#000000,#86B200
28,10,219,#000000,#86B200
29,10,219,#000000,#86B200
30,10,219,#000000,#86B200
31,10,219,#000000,#86B200
32,10,219,#000000,#86B200
33,10,219,#000000,#86B200
34,10,219,#000000,#86B200
35,10,219,#000000,#86B200
36,10,219,#000000,#86B200
37,10,219,#000000,#86B200
38,10,219,#000000,#86B200
39,10,219,#000000,#86B200
40,10,219,#000000,#86B200
41,10,219,#000000,#86B200
42,10,219,#000000,#86B200
43,10,219,#000000,#86B200
44,10,219,#000000,#86B200
45,10,219,#000000,#86B200
46,10,219,#000000,#86B200
47,10,219,#000000,#86B200
48,10,219,#000000,#86B200
49,10,219,#000000,#86B200
50,10,219,#000000,#86B200
51,10,219,#000000,#86B200
52,10,219,#000000,#86B200
53,10,219,#000000,#86B200
54,10,219,#000000,#86B200
55,10,219,#000000,#86B200
56,10,219,#000000,#86B200
57,10,219,#000000,#86B200
58,10,219,#000000,#86B200
59,10,219,#000000,#86B200
60,10,219,#000000,#86B200
61,10,219,#000000,#86B200
62,10,219,#000000,#86B200
63,10,219,#000000,#86B200
64,10,219,#000000,#86B200
65,10,219,#000000,#86B200
66,10,219,#000000,#86B200
67,10,219,#000000,#86B200
68,10,219,#000000,#86B200
69,10,219,#000000,#86B200
70,10,223,#A3D900,#000000
71,10,219,#A3D900,#86B200
72,10,219,#000000,#000000
73,10,219,#000000,#000000
74,10,219,#000000,#000000
75,10,219,#000000,#000000
76,10,219,#000000,#000000
77,10,219,#000000,#000000
78,10,219,#000000,#000000
79,10,219,#000000,#000000
0,11,219,#000000,#000000
1,11,219,#000000,#000000
2,11,219,#000000,#000000
3,11,219,#000000,#000000
4,11,219,#000000,#000000
5,11,219,#000000,#000000
6,11,219,#000000,#000000
7,11,223,#86B200,#000000
8,11,223,#86B200,#000000
9,11,223,#86B200,#000000
10,11,223,#86B200,#000000
11,11,223,#86B200,#000000
12,11,223,#86B200,#000000
13,11,223,#86B200,#000000
14,11,223,#86B200,#000000
15,11,223,#86B200,#000000
16,11,223,#86B200,#000000
17,11,223,#86B200,#000000
18,11,223,#86B200,#000000
19,11,223,#86B200,#000000
20,11,223,#86B200,#000000
21,11,223,#86B200,#000000
22,11,223,#86B200,#000000
23,11,223,#86B200,#000000
24,11,223,#86B200,#000000
25,11,223,#86B200,#000000
26,11,223,#86B200,#000000
27,11,223,#86B200,#000000
28,11,223,#86B200,#000000
29,11,223,#86B200,#000000
30,11,223,#86B200,#000000
31,11,223,#86B200,#000000
32,11,223,#86B200,#000000
33,11,223,#86B200,#000000
34,11,223,#86B200,#000000
35,11,223,#86B200,#000000
36,11,223,#86B200,#000000
37,11,223,#86B200,#000000
38,11,223,#86B200,#000000
39,11,223,#86B200,#000000
40,11,223,#86B200,#000000
41,11,223,#86B200,#000000
42,11,223,#86B200,#000000
43,11,223,#86B200,#000000
44,11,223,#86B200,#000000
45,11,223,#86B200,#000000
46,11,223,#86B200,#000000
47,11,223,#86B200,#000000
48,11,223,#86B200,#000000
49,11,223,#86B200,#000000
50,11,223,#86B200,#000000
51,11,223,#86B200,#000000
52,11,223,#86B200,#000000
53,11,223,#86B200,#000000
54,11,223,#86B200,#000000
55,11,223,#86B200,#000000
56,11,223,#86B200,#000000
57,11,223,#86B200,#000000
58,11,223,#86B200,#000000
59,11,223,#86B200,#000000
60,11,223,#86B200,#000000
61,11,223,#86B200,#000000
62,11,223,#86B200,#000000
63,11,223,#86B200,#000000
64,11,223,#86B200,#000000
65,11,223,#86B200,#000000
66,11,223,#86B200,#000000
67,11,223,#86B200,#000000
68,11,223,#86B200,#000000
69,11,223,#86B200,#000000
70,11,223,#86B200,#000000
71,11,223,#86B200,#000000
72,11,219,#000000,#000000
73,11,219,#000000,#000000
74,11,219,#000000,#000000
75,11,219,#000000,#000000
76,11,219,#000000,#000000
77,11,219,#000000,#000000
78,11,219,#000000,#000000
79,11,219,#000000,#000000
0,12,219,#000000,#000000
1,12,219,#000000,#000000
2,12,219,#000000,#000000
3,12,219,#000000,#000000
4,12,219,#000000,#000000
5,12,219,#000000,#000000
6,12,219,#000000,#000000
7,12,219,#000000,#000000
8,12,219,#000000,#000000
9,12,223,#86B200,#A3D900
10,12,223,#86B200,#A3D900
11,12,223,#86B200,#A3D900
12,12,223,#86B200,#A3D900
13,12,223,#86B200,#A3D900
14,12,223,#86B200,#A3D900
15,12,223,#86B200,#A3D900
16,12,223,#86B200,#A3D900
17,12,223,#86B200,#A3D900
18,12,223,#86B200,#A3D900
19,12,223,#86B200,#A3D900
20,12,223,#86B200,#A3D900
21,12,223,#86B200,#A3D900
22,12,223,#86B200,#A3D900
23,12,223,#86B200,#A3D900
24,12,223,#86B200,#A3D900
25,12,223,#86B200,#A3D900
26,12,223,#86B200,#A3D900
27,12,223,#86B200,#A3D900
28,12,223,#86B200,#A3D900
29,12,223,#86B200,#A3D900
30,12,223,#86B200,#A3D900
31,12,223,#86B200,#A3D900
32,12,223,#86B200,#A3D900
33,12,223,#86B200,#A3D900
34,12,223,#86B200,#A3D900
35,12,223,#86B200,#A3D900
36,12,223,#86B200,#A3D900
37,12,223,#86B200,#A3D900
38,12,223,#86B200,#A3D900
39,12,223,#86B200,#A3D900
40,12,223,#86B200,#A3D900
41,12,223,#86B200,#A3D900
42,12,223,#86B200,#A3D900
43,12,223,#86B200,#A3D900
44,12,223,#86B200,#A3D900
45,12,223,#86B200,#A3D900
46,12,223,#86B200,#A3D900
47,12,223,#86B200,#A3D900
48,12,223,#86B200,#A3D900
49,12,223,#86B200,#A3D900
50,12,223,#86B200,#A3D900
51,12,223,#86B200,#A3D900
52,12,223,#86B200,#A3D900
53,12,223,#86B200,#A3D900
54,12,223,#86B200,#A3D900
55,12,223,#86B200,#A3D900
56,12,223,#86B200,#D9FF66
57,12,223,#86B200,#A3D900
58,12,223,#86B200,#A3D900
59,12,223,#86B200,#A3D900
60,12,223,#86B200,#A3D900
61,12,223,#86B200,#A3D900
62,12,223,#86B200,#A3D900
63,12,223,#86B200,#A3D900
64,12,223,#86B200,#A3D900
65,12,223,#86B200,#A3D900
66,12,223,#86B200,#A3D900
67,12,223,#86B200,#A3D900
68,12,223,#86B200,#A3D900
69,12,223,#86B200,#A3D900
70,12,219,#000000,#000000
71,12,219,#000000,#000000
72,12,219,#000000,#000000
73,12,219,#000000,#000000
74,12,219,#000000,#000000
75,12,219,#000000,#000000
76,12,219,#000000,#000000
77,12,219,#000000,#000000
78,12,219,#000000,#000000
79,12,219,#000000,#000000
0,13,219,#000000,#000000
1,13,219,#000000,#000000
2,13,219,#000000,#000000
3,13,219,#000000,#000000
4,13,219,#000000,#000000
5,13,219,#000000,#000000
6,13,219,#000000,#000000
7,13,219,#000000,#000000
8,13,219,#000000,#000000
9,13,223,#86B200,#A3D900
10,13,223,#86B200,#A3D900
11,13,223,#86B200,#A3D900
12,13,223,#86B200,#A3D900
13,13,223,#86B200,#A3D900
14,13,223,#86B200,#A3D900
15,13,223,#86B200,#A3D900
16,13,223,#86B200,#A3D900
17,13,223,#86B200,#A3D900
18,13,223,#86B200,#A3D900
19,13,223,#86B200,#A3D900
20,13,223,#86B200,#A3D900
21,13,223,#86B200,#A3D900
22,13,223,#86B200,#A3D900
23,13,223,#86B200,#A3D900
24,13,223,#86B200,#A3D900
25,13,223,#86B200,#A3D900
26,13,223,#86B200,#A3D900
27,13,223,#86B200,#A3D900
28,13,223,#86B200,#A3D900
29,13,223,#86B200,#A3D900
30,13,223,#86B200,#A3D900
31,13,223,#86B200,#A3D900
32,13,223,#86B200,#A3D900
33,13,223,#86B200,#A3D900
34,13,223,#86B200,#A3D900
35,13,223,#86B200,#A3D900
36,13,223,#86B200,#A3D900
37,13,223,#86B200,#A3D900
38,13,223,#86B200,#A3D900
39,13,223,#86B200,#A3D900
40,13,223,#86B200,#A3D900
41,13,223,#86B200,#A3D900
42,13,223,#86B200,#A3D900
43,13,223,#86B200,#A3D900
44,13,223,#86B200,#A3D900
45,13,223,#86B200,#A3D900
46,13,223,#86B200,#A3D900
47,13,223,#86B200,#A3D900
48,13,223,#86B200,#A3D900
49,13,223,#86B200,#A3D900
50,13,223,#86B200,#A3D900
51,13,223,#86B200,#A3D900
52,13,223,#86B200,#A3D900
53,13,223,#86B200,#A3D900
54,13,223,#86B200,#A3D900
55,13,223,#86B200,#D9FF66
56,13,219,#D9FF66,#86B200
57,13,223,#86B200,#D9FF66
58,13,223,#86B200,#A3D900
59,13,223,#86B200,#A3D900
60,13,223,#86B200,#A3D900
61,13,223,#86B200,#A3D900
62,13,223,#86B200,#A3D900
63,13,223,#86B200,#A3D900
64,13,223,#86B200,#A3D900
65,13,223,#86B200,#A3D900
66,13,223,#86B200,#A3D900
67,13,223,#86B200,#A3D900
68,13,223,#86B200,#A3D900
69,13,223,#86B200,#A3D900
70,13,219,#000000,#000000
71,13,219,#000000,#000000
72,13,219,#000000,#000000
73,13,219,#000000,#000000
74,13,219,#000000,#000000
75,13,219,#000000,#000000
76,13,219,#000000,#000000
77,13,219,#000000,#000000
78,13,219,#000000,#000000
79,13,219,#000000,#000000
0,14,219,#000000,#000000
1,14,219,#000000,#000000
2,14,219,#000000,#000000
3,14,219,#000000,#000000
4,14,219,#000000,#000000
5,14,219,#000000,#000000
6,14,219,#000000,#000000
7,14,219,#000000,#000000
8,14,219,#000000,#000000
9,14,219,#A3D900,#A3D900
10,14,219,#A3D900,#A3D900
11,14,219,#A3D900,#A3D900
12,14,219,#A3D900,#A3D900
13,14,219,#A3D900,#A3D900
14,14,219,#A3D900,#A3D900
15,14,219,#A3D900,#A3D900
16,14,219,#A3D900,#A3D900
17,14,223,#A3D900,#D9FF66
18,14,219,#D9FF66,#D9FF66
19,14,219,#D9FF66,#D9FF66
20,14,223,#A3D900,#D9FF66
21,14,219,#A3D900,#A3D900
22,14,219,#A3D900,#A3D900
23,14,219,#A3D900,#A3D900
24,14,219,#A3D900,#A3D900
25,14,219,#A3D900,#A3D900
26,14,219,#A3D900,#A3D900
27,14,219,#A3D900,#A3D900
28,14,219,#A3D900,#A3D900
29,14,219,#A3D900,#A3D900
30,14,219,#A3D900,#A3D900
31,14,223,#A3D900,#D9FF66
32,14,219,#A3D900,#A3D900
33,14,219,#A3D900,#A3D900
34,14,219,#A3D900,#A3D900
35,14,219,#A3D900,#A3D900
36,14,219,#A3D900,#A3D900
37,14,219,#A3D900,#A3D900
38,14,219,#A3D900,#A3D900
39,14,219,#A3D900,#A3D900
40,14,219,#A3D900,#A3D900
41,14,219,#A3D900,#A3D900
42,14,219,#A3D900,#A3D900
43,14,219,#A3D900,#A3D900
44,14,219,#A3D900,#A3D900
45,14,219,#A3D900,#A3D900
46,14,219,#A3D900,#A3D900
47,14,219,#A3D900,#A3D900
48,14,219,#A3D900,#A3D900
49,14,219,#A3D900,#A3D900
50,14,219,#A3D900,#A3D900
51,14,223,#A3D900,#D9FF66
52,14,219,#A3D900,#A3D900
53,14,219,#A3D900,#A3D900
54,14,219,#A3D900,#A3D900
55,14,219,#A3D900,#A3D900
56,14,223,#D9FF66,#000000
57,14,219,#A3D900,#A3D900
58,14,219,#A3D900,#A3D900
59,14,219,#A3D900,#A3D900
60,14,219,#A3D900,#A3D900
61,14,219,#A3D900,#A3D900
62,14,219,#A3D900,#A3D900
63,14,219,#A3D900,#A3D900
64,14,219,#A3D900,#A3D900
65,14,219,#A3D900,#A3D900
66,14,219,#A3D900,#A3D900
67,14,219,#A3D900,#A3D900
68,14,219,#A3D900,#A3D900
69,14,219,#A3D900,#A3D900
70,14,219,#000000,#000000
71,14,219,#000000,#000000
72,14,219,#000000,#000000
73,14,219,#000000,#000000
74,14,219,#000000,#000000
75,14,219,#000000,#000000
76,14,219,#000000,#000000
77,14,219,#000000,#000000
78,14,219,#000000,#000000
79,14,219,#000000,#000000
0,15,219,#000000,#000000
1,15,219,#000000,#000000
2,15,219,#000000,#000000
3,15,219,#000000,#000000
4,15,219,#000000,#000000
5,15,219,#000000,#000000
6,15,219,#000000,#000000
7,15,219,#000000,#000000
8,15,219,#000000,#000000
9,15,219,#A3D900,#A3D900
10,15,219,#A3D900,#A3D900
11,15,219,#A3D900,#A3D900
12,15,219,#A3D900,#A3D900
13,15,219,#A3D900,#A3D900
14,15,219,#A3D900,#A3D900
15,15,219,#A3D900,#A3D900
16,15,219,#D9FF66,#D9FF66
17,15,219,#D9FF66,#D9FF66
18,15,219,#D9FF66,#D9FF66
19,15,219,#D9FF66,#D9FF66
20,15,219,#D9FF66,#D9FF66
21,15,219,#D9FF66,#D9FF66
22,15,219,#A3D900,#A3D900
23,15,219,#A3D900,#A3D900
24,15,219,#A3D900,#A3D900
25,15,219,#A3D900,#A3D900
26,15,219,#A3D900,#A3D900
27,15,219,#A3D900,#A3D900
28,15,219,#A3D900,#A3D900
29,15,219,#A3D900,#A3D900
30,15,219,#A3D900,#A3D900
31,15,219,#A3D900,#A3D900
32,15,219,#A3D900,#A3D900
33,15,219,#A3D900,#A3D900
34,15,219,#A3D900,#A3D900
35,15,219,#A3D900,#A3D900
36,15,219,#A3D900,#A3D900
37,15,219,#A3D900,#A3D900
38,15,219,#A3D900,#A3D900
39,15,219,#A3D900,#A3D900
40,15,219,#A3D900,#A3D900
41,15,219,#A3D900,#A3D900
42,15,219,#A3D900,#A3D900
43,15,219,#A3D900,#A3D900
44,15,219,#A3D900,#A3D900
45,15,219,#A3D900,#A3D900
46,15,219,#A3D900,#A3D900
47,15,219,#A3D900,#A3D900
48,15,219,#A3D900,#A3D900
49,15,219,#A3D900,#A3D900
50,15,219,#A3D900,#A3D900
51,15,219,#A3D900,#A3D900
52,15,219,#A3D900,#A3D900
53,15,219,#A3D900,#A3D900
54,15,219,#A3D900,#A3D900
55,15,219,#A3D900,#A3D900
56,15,219,#000000,#000000
57,15,219,#A3D900,#A3D900
58,15,219,#A3D900,#A3D900
59,15,219,#A3D900,#A3D900
60,15,219,#A3D900,#A3D900
61,15,220,#A3D900,#D9FF66
62,15,219,#A3D900,#A3D900
63,15,219,#A3D900,#A3D900
64,15,219,#A3D900,#A3D900
65,15,219,#A3D900,#A3D900
66,15,219,#A3D900,#A3D900
67,15,219,#A3D900,#A3D900
68,15,219,#A3D900,#A3D900
69,15,219,#A3D900,#A3D900
70,15,219,#000000,#000000
71,15,219,#000000,#000000
72,15,219,#000000,#000000
73,15,219,#000000,#000000
74,15,219,#000000,#000000
75,15,219,#000000,#000000
76,15,219,#000000,#000000
77,15,219,#000000,#000000
78,15,219,#000000,#000000
79,15,219,#000000,#000000
0,16,219,#000000,#000000
1,16,219,#000000,#000000
2,16,219,#000000,#000000
3,16,219,#000000,#000000
4,16,219,#000000,#000000
5,16,219,#000000,#000000
6,16,219,#000000,#000000
7,16,219,#000000,#000000
8,16,219,#000000,#000000
9,16,219,#A3D900,#A3D900
10,16,219,#A3D900,#A3D900
11,16,220,#A3D900,#D9FF66
12,16,219,#A3D900,#A3D900
13,16,219,#A3D900,#A3D900
14,16,219,#A3D900,#A3D900
15,16,219,#A3D900,#A3D900
16,16,219,#A3D900,#A3D900
17,16,220,#A3D900,#D9FF66
18,16,219,#D9FF66,#D9FF66
19,16,219,#D9FF66,#D9FF66
20,16,220,#A3D900,#D9FF66
21,16,219,#A3D900,#A3D900
22,16,219,#A3D900,#A3D900
23,16,219,#A3D900,#A3D900
24,16,219,#A3D900,#A3D900
25,16,219,#A3D900,#A3D900
26,16,219,#A3D900,#A3D900
27,16,219,#A3D900,#A3D900
28,16,219,#A3D900,#A3D900
29,16,219,#A3D900,#A3D900
30,16,219,#A3D900,#A3D900
31,16,219,#A3D900,#A3D900
32,16,219,#A3D900,#A3D900
33,16,219,#A3D900,#A3D900
34,16,219,#A3D900,#A3D900
35,16,219,#A3D900,#A3D900
36,16,219,#A3D900,#A3D900
37,16,219,#A3D900,#A3D900
38,16,223,#A3D900,#D9FF66
39,16,219,#A3D900,#A3D900
40,16,219,#A3D900,#A3D900
41,16,219,#A3D900,#A3D900
42,16,219,#A3D900,#A3D900
43,16,219,#A3D900,#A3D900
44,16,219,#A3D900,#A3D900
45,16,219,#A3D900,#A3D900
46,16,219,#A3D900,#A3D900
47,16,219,#A3D900,#A3D900
48,16,219,#A3D900,#A3D900
49,16,219,#A3D900,#A3D900
50,16,219,#A3D900,#A3D900
51,16,219,#A3D900,#A3D900
52,16,219,#A3D900,#A3D900
53,16,219,#A3D900,#A3D900
54,16,219,#A3D900,#A3D900
55,16,220,#D9FF66,#A3D900
56,16,220,#A3D900,#000000
57,16,223,#A3D900,#86B200
58,16,219,#A3D900,#A3D900
59,16,219,#A3D900,#A3D900
60,16,219,#A3D900,#A3D900
61,16,219,#A3D900,#A3D900
62,16,219,#A3D900,#A3D900
63,16,219,#A3D900,#A3D900
64,16,219,#A3D900,#A3D900
65,16,219,#A3D900,#A3D900
66,16,219,#A3D900,#A3D900
67,16,219,#A3D900,#A3D900
68,16,219,#A3D900,#A3D900
69,16,219,#A3D900,#A3D900
70,16,219,#000000,#000000
71,16,219,#000000,#000000
72,16,219,#000000,#000000
73,16,219,#000000,#000000
74,16,219,#000000,#000000
75,16,219,#000000,#000000
76,16,219,#000000,#000000
77,16,219,#000000,#000000
78,16,219,#000000,#000000
79,16,219,#000000,#000000
0,17,219,#000000,#000000
1,17,219,#000000,#000000
2,17,219,#000000,#000000
3,17,219,#000000,#000000
4,17,219,#000000,#000000
5,17,219,#000000,#000000
6,17,219,#000000,#000000
7,17,219,#000000,#000000
8,17,219,#000000,#000000
9,17,219,#A3D900,#A3D900
10,17,219,#A3D900,#A3D900
11,17,219,#A3D900,#A3D900
12,17,219,#A3D900,#A3D900
13,17,219,#A3D900,#A3D900
14,17,219,#A3D900,#A3D900
15,17,219,#A3D900,#A3D900
16,17,219,#A3D900,#A3D900
17,17,219,#A3D900,#A3D900
18,17,219,#A3D900,#A3D900
19,17,219,#A3D900,#A3D900
20,17,219,#A3D900,#A3D900
21,17,219,#A3D900,#A3D900
22,17,219,#A3D900,#A3D900
23,17,219,#A3D900,#A3D900
24,17,219,#A3D900,#A3D900
25,17,219,#A3D900,#A3D900
26,17,219,#A3D900,#A3D900
27,17,219,#A3D900,#A3D900
28,17,219,#A3D900,#A3D900
29,17,219,#A3D900,#A3D900
30,17,219,#A3D900,#A3D900
31,17,219,#A3D900,#A3D900
32,17,219,#A3D900,#A3D900
33,17,219,#A3D900,#A3D900
34,17,219,#A3D900,#A3D900
35,17,219,#A3D900,#A3D900
36,17,219,#A3D900,#A3D900
37,17,219,#A3D900,#A3D900
38,17,219,#A3D900,#A3D900
39,17,219,#A3D900,#A3D900
40,17,219,#A3D900,#A3D900
41,17,219,#A3D900,#A3D900
42,17,219,#A3D900,#A3D900
43,17,219,#A3D900,#A3D900
44,17,219,#A3D900,#A3D900
45,17,219,#A3D900,#A3D900
46,17,219,#A3D900,#A3D900
47,17,219,#A3D900,#A3D900
48,17,219,#A3D900,#A3D900
49,17,219,#A3D900,#A3D900
50,17,219,#A3D900,#A3D900
51,17,219,#A3D900,#A3D900
52,17,219,#A3D900,#A3D900
53,17,219,#A3D900,#A3D900
54,17,223,#A3D900,#000000
55,17,223,#000000,#D9FF66
56,17,223,#000000,#A3D900
57,17,223,#000000,#86B200
58,17,223,#A3D900,#000000
59,17,219,#A3D900,#A3D900
60,17,219,#A3D900,#A3D900
61,17,219,#A3D900,#A3D900
62,17,219,#A3D900,#A3D900
63,17,219,#A3D900,#A3D900
64,17,219,#A3D900,#A3D900
65,17,219,#A3D900,#A3D900
66,17,219,#A3D900,#A3D900
67,17,219,#A3D900,#A3D900
68,17,219,#A3D900,#A3D900
69,17,219,#A3D900,#A3D900
70,17,219,#000000,#000000
71,17,219,#000000,#000000
72,17,219,#000000,#000000
73,17,219,#000000,#000000
74,17,219,#000000,#000000
75,17,219,#000000,#000000
76,17,219,#000000,#000000
77,17,219,#000000,#000000
78,17,219,#000000,#000000
79,17,219,#000000,#000000
0,18,219,#000000,#000000
1,18,219,#000000,#000000
2,18,219,#000000,#000000
3,18,219,#000000,#000000
4,18,219,#000000,#000000
5,18,219,#000000,#000000
6,18,219,#000000,#000000
7,18,219,#000000,#000000
8,18,219,#000000,#000000
9,18,219,#A3D900,#A3D900
10,18,219,#A3D900,#A3D900
11,18,219,#A3D900,#A3D900
12,18,219,#A3D900,#A3D900
13,18,219,#A3D900,#A3D900
14,18,219,#A3D900,#A3D900
15,18,219,#A3D900,#A3D900
16,18,219,#A3D900,#A3D900
17,18,219,#A3D900,#A3D900
18,18,219,#A3D900,#A3D900
19,18,219,#A3D900,#A3D900
20,18,219,#A3D900,#A3D900
21,18,219,#A3D900,#A3D900
22,18,219,#A3D900,#A3D900
23,18,219,#A3D900,#A3D900
24,18,219,#A3D900,#A3D900
25,18,219,#A3D900,#A3D900
26,18,219,#A3D900,#A3D900
27,18,219,#A3D900,#A3D900
28,18,219,#A3D900,#A3D900
29,18,219,#A3D900,#A3D900
30,18,219,#A3D900,#A3D900
31,18,219,#A3D900,#A3D900
32,18,219,#A3D900,#A3D900
33,18,219,#A3D900,#A3D900
34,18,219,#A3D900,#A3D900
35,18,219,#A3D900,#A3D900
36,18,219,#A3D900,#A3D900
37,18,219,#A3D900,#A3D900
38,18,219,#A3D900,#A3D900
39,18,219,#A3D900,#A3D900
40,18,219,#A3D900,#A3D900
41,18,219,#A3D900,#A3D900
42,18,219,#A3D900,#A3D900
43,18,219,#A3D900,#A3D900
44,18,219,#A3D900,#A3D900
45,18,219,#A3D900,#A3D900
46,18,219,#A3D900,#A3D900
47,18,219,#A3D900,#A3D900
48,18,219,#A3D900,#A3D900
49,18,219,#A3D900,#A3D900
50,18,219,#A3D900,#A3D900
51,18,219,#A3D900,#A3D900
52,18,219,#A3D900,#A3D900
53,18,223,#A3D900,#000000
54,18,220,#D9FF66,#000000
55,18,223,#D9FF66,#86B200
56,18,219,#A3D900,#A3D900
57,18,219,#86B200,#86B200
58,18,223,#000000,#86B200
59,18,223,#A3D900,#000000
60,18,219,#A3D900,#A3D900
61,18,219,#A3D900,#A3D900
62,18,219,#A3D900,#A3D900
63,18,219,#A3D900,#A3D900
64,18,219,#A3D900,#A3D900
65,18,219,#A3D900,#000000
66,18,223,#A3D900,#D9FF66
67,18,219,#A3D900,#000000
68,18,219,#A3D900,#A3D900
69,18,219,#A3D900,#A3D900
70,18,219,#000000,#000000
71,18,219,#000000,#000000
72,18,219,#000000,#000000
73,18,219,#000000,#000000
74,18,219,#000000,#000000
75,18,219,#000000,#000000
76,18,219,#000000,#000000
77,18,219,#000000,#000000
78,18,219,#000000,#000000
79,18,219,#000000,#000000
0,19,219,#000000,#000000
1,19,219,#000000,#000000
2,19,219,#000000,#000000
3,19,219,#000000,#000000
4,19,219,#000000,#000000
5,19,219,#000000,#000000
6,19,219,#000000,#000000
7,19,219,#000000,#000000
8,19,219,#000000,#000000
9,19,219,#A3D900,#A3D900
10,19,219,#A3D900,#A3D900
11,19,219,#A3D900,#A3D900
12,19,219,#A3D900,#A3D900
13,19,219,#A3D900,#A3D900
14,19,219,#A3D900,#A3D900
15,19,219,#A3D900,#A3D900
16,19,219,#A3D900,#A3D900
17,19,219,#A3D900,#A3D900
18,19,219,#A3D900,#A3D900
19,19,219,#A3D900,#A3D900
20,19,219,#A3D900,#A3D900
21,19,219,#A3D900,#A3D900
22,19,219,#A3D900,#A3D900
23,19,219,#A3D900,#A3D900
24,19,219,#A3D900,#A3D900
25,19,219,#A3D900,#A3D900
26,19,219,#A3D900,#A3D900
27,19,219,#A3D900,#A3D900
28,19,219,#A3D900,#A3D900
29,19,219,#A3D900,#A3D900
30,19,219,#A3D900,#A3D900
31,19,219,#A3D900,#A3D900
32,19,219,#A3D900,#A3D900
33,19,219,#A3D900,#A3D900
34,19,219,#A3D900,#A3D900
35,19,219,#A3D900,#A3D900
36,19,219,#A3D900,#A3D900
37,19,219,#A3D900,#A3D900
38,19,219,#A3D900,#A3D900
39,19,219,#A3D900,#A3D900
40,19,219,#A3D900,#A3D900
41,19,219,#A3D900,#A3D900
42,19,219,#A3D900,#A3D900
43,19,219,#A3D900,#A3D900
44,19,219,#A3D900,#A3D900
45,19,219,#A3D900,#A3D900
46,19,219,#A3D900,#A3D900
47,19,219,#A3D900,#A3D900
48,19,219,#A3D900,#A3D900
49,19,219,#A3D900,#A3D900
50,19,219,#A3D900,#A3D900
51,19,223,#A3D900,#000000
52,19,220,#D9FF66,#000000
53,19,219,#D9FF66,#D9FF66
54,19,223,#D9FF66,#86B200
55,19,219,#86B200,#86B200
56,19,219,#A3D900,#A3D900
57,19,219,#86B200,#A3D900
58,19,219,#86B200,#A3D900
59,19,219,#A3D900,#A3D900
60,19,223,#000000,#86B200
61,19,223,#A3D900,#000000
62,19,219,#A3D900,#A3D900
63,19,219,#A3D900,#A3D900
64,19,219,#A3D900,#A3D900
65,19,223,#A3D900,#D9FF66
66,19,219,#D9FF66,#86B200
67,19,223,#A3D900,#D9FF66
68,19,219,#A3D900,#A3D900
69,19,219,#A3D900,#A3D900
70,19,219,#000000,#000000
71,19,219,#000000,#000000
72,19,219,#000000,#000000
73,19,219,#000000,#000000
74,19,219,#000000,#000000
75,19,219,#000000,#000000
76,19,219,#000000,#000000
77,19,219,#000000,#000000
78,19,219,#000000,#000000
79,19,219,#000000,#000000
0,20,219,#000000,#000000
1,20,219,#000000,#000000
2,20,219,#000000,#000000
3,20,219,#000000,#000000
4,20,219,#000000,#000000
5,20,219,#000000,#000000
6,20,219,#000000,#000000
7,20,219,#000000,#000000
8,20,219,#000000,#000000
9,20,219,#A3D900,#A3D900
10,20,219,#A3D900,#A3D900
11,20,219,#A3D900,#A3D900
12,20,219,#A3D900,#A3D900
13,20,219,#A3D900,#A3D900
14,20,219,#A3D900,#A3D900
15,20,219,#A3D900,#A3D900
16,20,219,#A3D900,#A3D900
17,20,219,#A3D900,#A3D900
18,20,219,#A3D900,#A3D900
19,20,219,#A3D900,#A3D900
20,20,219,#A3D900,#A3D900
21,20,219,#A3D900,#A3D900
22,20,219,#A3D900,#A3D900
23,20,219,#A3D900,#A3D900
24,20,219,#A3D900,#A3D900
25,20,219,#A3D900,#A3D900
26,20,219,#A3D900,#A3D900
27,20,219,#A3D900,#A3D900
28,20,219,#A3D900,#A3D900
29,20,219,#A3D900,#A3D900
30,20,219,#A3D900,#A3D900
31,20,219,#A3D900,#A3D900
32,20,219,#A3D900,#A3D900
33,20,219,#A3D900,#A3D900
34,20,219,#A3D900,#A3D900
35,20,219,#A3D900,#A3D900
36,20,219,#A3D900,#A3D900
37,20,219,#A3D900,#A3D900
38,20,219,#A3D900,#A3D900
39,20,219,#A3D900,#A3D900
40,20,219,#A3D900,#A3D900
41,20,219,#A3D900,#A3D900
42,20,219,#A3D900,#A3D900
43,20,219,#A3D900,#A3D900
44,20,219,#A3D900,#A3D900
45,20,219,#A3D900,#A3D900
46,20,219,#A3D900,#A3D900
47,20,219,#A3D900,#A3D900
48,20,219,#A3D900,#A3D900
49,20,219,#A3D900,#A3D900
50,20,223,#A3D900,#000000
51,20,220,#D9FF66,#000000
52,20,219,#D9FF66,#D9FF66
53,20,219,#86B200,#86B200
54,20,219,#86B200,#86B200
55,20,219,#A3D900,#A3D900
56,20,220,#86B200,#A3D900
57,20,219,#86B200,#A3D900
58,20,219,#A3D900,#A3D900
59,20,219,#86B200,#A3D900
60,20,219,#A3D900,#A3D900
61,20,223,#000000,#86B200
62,20,223,#A3D900,#000000
63,20,219,#A3D900,#A3D900
64,20,219,#A3D900,#A3D900
65,20,219,#A3D900,#A3D900
66,20,223,#D9FF66,#000000
67,20,219,#A3D900,#A3D900
68,20,219,#A3D900,#A3D900
69,20,219,#A3D900,#A3D900
70,20,219,#000000,#000000
71,20,219,#000000,#000000
72,20,219,#000000,#000000
73,20,219,#000000,#000000
74,20,219,#000000,#000000
75,20,219,#000000,#000000
76,20,219,#000000,#000000
77,20,219,#000000,#000000
78,20,219,#000000,#000000
79,20,219,#000000,#000000
0,21,219,#000000,#000000
1,21,219,#000000,#000000
2,21,219,#000000,#000000
3,21,219,#000000,#000000
4,21,219,#000000,#000000
5,21,219,#000000,#000000
6,21,219,#000000,#000000
7,21,219,#000000,#000000
8,21,219,#000000,#000000
9,21,219,#A3D900,#A3D900
10,21,219,#A3D900,#A3D900
11,21,219,#A3D900,#A3D900
12,21,219,#A3D900,#A3D900
13,21,219,#A3D900,#A3D900
14,21,219,#A3D900,#A3D900
15,21,219,#A3D900,#A3D900
16,21,219,#A3D900,#A3D900
17,21,219,#A3D900,#A3D900
18,21,219,#A3D900,#A3D900
19,21,219,#A3D900,#A3D900
20,21,219,#A3D900,#A3D900
21,21,219,#A3D900,#A3D900
22,21,219,#A3D900,#A3D900
23,21,219,#A3D900,#A3D900
24,21,219,#A3D900,#A3D900
25,21,220,#A3D900,#D9FF66
26,21,219,#A3D900,#A3D900
27,21,219,#A3D900,#A3D900
28,21,219,#A3D900,#A3D900
29,21,219,#A3D900,#A3D900
30,21,219,#A3D900,#A3D900
31,21,219,#A3D900,#A3D900
32,21,219,#A3D900,#A3D900
33,21,219,#A3D900,#A3D900
34,21,219,#A3D900,#A3D900
35,21,219,#A3D900,#A3D900
36,21,219,#A3D900,#A3D900
37,21,219,#A3D900,#A3D900
38,21,219,#A3D900,#A3D900
39,21,219,#A3D900,#A3D900
40,21,219,#A3D900,#A3D900
41,21,219,#A3D900,#A3D900
42,21,219,#A3D900,#A3D900
43,21,219,#A3D900,#A3D900
44,21,219,#86B200,#A3D900
45,21,219,#A3D900,#A3D900
46,21,219,#A3D900,#A3D900
47,21,219,#A3D900,#A3D900
48,21,219,#A3D900,#A3D900
49,21,219,#A3D900,#A3D900
50,21,219,#000000,#86B200
51,21,219,#D9FF66,#D9FF66
52,21,219,#86B200,#86B200
53,21,219,#86B200,#86B200
54,21,219,#A3D900,#A3D900
55,21,219,#A3D900,#A3D900
56,21,219,#86B200,#A3D900
57,21,219,#86B200,#A3D900
58,21,219,#A3D900,#A3D900
59,21,219,#A3D900,#A3D900
60,21,219,#86B200,#A3D900
61,21,219,#A3D900,#A3D900
62,21,219,#000000,#86B200
63,21,219,#A3D900,#A3D900
64,21,219,#A3D900,#A3D900
65,21,219,#A3D900,#A3D900
66,21,219,#000000,#000000
67,21,219,#A3D900,#A3D900
68,21,219,#A3D900,#A3D900
69,21,219,#A3D900,#A3D900
70,21,219,#000000,#000000
71,21,219,#000000,#000000
72,21,219,#000000,#000000
73,21,219,#000000,#000000
74,21,219,#000000,#000000
75,21,219,#000000,#000000
76,21,219,#000000,#000000
77,21,219,#000000,#000000
78,21,219,#000000,#000000
79,21,219,#000000,#000000
0,22,219,#000000,#000000
1,22,219,#000000,#000000
2,22,219,#000000,#000000
3,22,219,#000000,#000000
4,22,219,#000000,#000000
5,22,219,#000000,#000000
6,22,219,#000000,#000000
7,22,219,#000000,#000000
8,22,219,#000000,#000000
9,22,219,#A3D900,#A3D900
10,22,219,#A3D900,#A3D900
11,22,219,#A3D900,#A3D900
12,22,219,#A3D900,#A3D900
13,22,219,#A3D900,#A3D900
14,22,219,#A3D900,#A3D900
15,22,219,#A3D900,#A3D900
16,22,219,#A3D900,#A3D900
17,22,219,#A3D900,#A3D900
18,22,219,#A3D900,#A3D900
19,22,219,#A3D900,#A3D900
20,22,219,#A3D900,#A3D900
21,22,219,#A3D900,#A3D900
22,22,219,#A3D900,#A3D900
23,22,219,#A3D900,#A3D900
24,22,219,#A3D900,#A3D900
25,22,219,#A3D900,#A3D900
26,22,219,#A3D900,#A3D900
27,22,219,#A3D900,#A3D900
28,22,219,#A3D900,#A3D900
29,22,219,#A3D900,#A3D900
30,22,219,#A3D900,#A3D900
31,22,219,#A3D900,#A3D900
32,22,219,#A3D900,#A3D900
33,22,219,#A3D900,#A3D900
34,22,219,#A3D900,#A3D900
35,22,219,#A3D900,#A3D900
36,22,219,#A3D900,#A3D900
37,22,219,#A3D900,#A3D900
38,22,219,#A3D900,#A3D900
39,22,220,#86B200,#A3D900
40,22,219,#86B200,#A3D900
41,22,220,#86B200,#A3D900
42,22,219,#A3D900,#A3D900
43,22,219,#A3D900,#A3D900
44,22,219,#86B200,#A3D900
45,22,219,#86B200,#A3D900
46,22,219,#A3D900,#A3D900
47,22,219,#A3D900,#A3D900
48,22,219,#A3D900,#A3D900
49,22,219,#A3D900,#A3D900
50,22,219,#000000,#86B200
51,22,219,#D9FF66,#D9FF66
52,22,220,#D9FF66,#86B200
53,22,219,#86B200,#86B200
54,22,220,#86B200,#A3D900
55,22,219,#A3D900,#A3D900
56,22,219,#86B200,#A3D900
57,22,219,#86B200,#A3D900
58,22,220,#86B200,#A3D900
59,22,219,#A3D900,#A3D900
60,22,219,#A3D900,#A3D900
61,22,219,#86B200,#86B200
62,22,219,#000000,#86B200
63,22,219,#A3D900,#A3D900
64,22,219,#A3D900,#A3D900
65,22,220,#D9FF66,#A3D900
66,22,220,#A3D900,#000000
67,22,223,#A3D900,#86B200
68,22,219,#A3D900,#A3D900
69,22,219,#A3D900,#A3D900
70,22,219,#000000,#000000
71,22,219,#000000,#000000
72,22,219,#000000,#000000
73,22,219,#000000,#000000
74,22,219,#000000,#000000
75,22,219,#000000,#000000
76,22,219,#000000,#000000
77,22,219,#000000,#000000
78,22,219,#000000,#000000
79,22,219,#000000,#000000
0,23,219,#000000,#000000
1,23,219,#000000,#000000
2,23,219,#000000,#000000
3,23,219,#000000,#000000
4,23,219,#000000,#000000
5,23,219,#000000,#000000
6,23,219,#000000,#000000
7,23,219,#000000,#000000
8,23,219,#000000,#000000
9,23,219,#A3D900,#A3D900
10,23,219,#A3D900,#A3D900
11,23,219,#A3D900,#A3D900
12,23,219,#A3D900,#A3D900
13,23,219,#A3D900,#A3D900
14,23,219,#A3D900,#A3D900
15,23,219,#A3D900,#A3D900
16,23,219,#A3D900,#A3D900
17,23,219,#A3D900,#A3D900
18,23,219,#A3D900,#A3D900
19,23,219,#A3D900,#A3D900
20,23,219,#A3D900,#A3D900
21,23,219,#A3D900,#A3D900
22,23,219,#A3D900,#A3D900
23,23,219,#A3D900,#A3D900
24,23,219,#A3D900,#A3D900
25,23,219,#A3D900,#A3D900
26,23,219,#A3D900,#A3D900
27,23,219,#A3D900,#A3D900
28,23,219,#A3D900,#A3D900
29,23,219,#A3D900,#A3D900
30,23,219,#A3D900,#A3D900
31,23,219,#A3D900,#A3D900
32,23,219,#A3D900,#A3D900
33,23,219,#A3D900,#A3D900
34,23,219,#A3D900,#A3D900
35,23,219,#A3D900,#A3D900
36,23,219,#A3D900,#A3D900
37,23,219,#86B200,#A3D900
38,23,219,#A3D900,#A3D900
39,23,223,#86B200,#A3D900
40,23,219,#86B200,#A3D900
41,23,223,#86B200,#A3D900
42,23,219,#A3D900,#A3D900
43,23,219,#A3D900,#A3D900
44,23,219,#86B200,#A3D900
45,23,219,#86B200,#A3D900
46,23,219,#A3D900,#A3D900
47,23,219,#A3D900,#A3D900
48,23,219,#A3D900,#A3D900
49,23,220,#86B200,#A3D900
50,23,219,#A3D900,#A3D900
51,23,219,#000000,#86B200
52,23,223,#D9FF66,#000000
53,23,220,#000000,#86B200
54,23,220,#000000,#86B200
55,23,220,#000000,#A3D900
56,23,220,#000000,#A3D900
57,23,220,#000000,#86B200
58,23,220,#000000,#86B200
59,23,220,#000000,#A3D900
60,23,220,#000000,#86B200
61,23,219,#000000,#86B200
62,23,219,#A3D900,#A3D900
63,23,219,#A3D900,#A3D900
64,23,220,#000000,#A3D900
65,23,223,#000000,#D9FF66
66,23,220,#86B200,#000000
67,23,223,#000000,#A3D900
68,23,220,#000000,#A3D900
69,23,219,#A3D900,#A3D900
70,23,219,#000000,#000000
71,23,219,#000000,#000000
72,23,219,#000000,#000000
73,23,219,#000000,#000000
74,23,219,#000000,#000000
75,23,219,#000000,#000000
76,23,219,#000000,#000000
77,23,219,#000000,#000000
78,23,219,#000000,#000000
79,23,219,#000000,#000000
0,24,219,#000000,#000000
1,24,219,#000000,#000000
2,24,219,#000000,#000000
3,24,219,#000000,#000000
4,24,219,#000000,#000000
5,24,219,#000000,#000000
6,24,219,#000000,#000000
7,24,219,#000000,#000000
8,24,219,#000000,#000000
9,24,220,#000000,#A3D900
10,24,220,#000000,#A3D900
11,24,220,#000000,#A3D900
12,24,220,#000000,#A3D900
13,24,220,#000000,#A3D900
14,24,220,#000000,#A3D900
15,24,220,#000000,#A3D900
16,24,220,#000000,#A3D900
17,24,220,#000000,#A3D900
18,24,220,#000000,#A3D900
19,24,220,#000000,#A3D900
20,24,220,#000000,#A3D900
21,24,220,#000000,#A3D900
22,24,220,#000000,#A3D900
23,24,220,#000000,#A3D900
24,24,220,#000000,#A3D900
25,24,220,#000000,#A3D900
26,24,220,#000000,#A3D900
27,24,220,#000000,#A3D900
28,24,220,#000000,#A3D900
29,24,220,#000000,#A3D900
30,24,220,#000000,#A3D900
31,24,220,#000000,#A3D900
32,24,220,#000000,#A3D900
33,24,220,#000000,#A3D900
34,24,220,#000000,#A3D900
35,24,220,#000000,#A3D900
36,24,223,#86B200,#000000
37,24,223,#86B200,#000000
38,24,220,#000000,#A3D900
39,24,223,#86B200,#000000
40,24,223,#86B200,#000000
41,24,223,#86B200,#000000
42,24,220,#000000,#A3D900
43,24,223,#86B200,#000000
44,24,223,#86B200,#000000
45,24,223,#86B200,#000000
46,24,223,#86B200,#000000
47,24,220,#000000,#A3D900
48,24,223,#86B200,#000000
49,24,223,#86B200,#000000
50,24,223,#86B200,#000000
51,24,223,#86B200,#000000
52,24,219,#000000,#86B200
53,24,223,#D9FF66,#000000
54,24,220,#000000,#A3D900
55,24,220,#000000,#A3D900
56,24,220,#000000,#A3D900
57,24,223,#86B200,#000000
58,24,219,#000000,#000000
59,24,223,#86B200,#000000
60,24,219,#000000,#86B200
61,24,220,#000000,#A3D900
62,24,220,#000000,#A3D900
63,24,219,#000000,#A3D900
64,24,220,#000000,#D9FF66
65,24,223,#86B200,#000000
66,24,220,#000000,#A3D900
67,24,223,#86B200,#000000
68,24,220,#000000,#A3D900
69,24,219,#000000,#A3D900
70,24,219,#000000,#000000
71,24,219,#000000,#000000
72,24,219,#000000,#000000
73,24,219,#000000,#000000
74,24,219,#000000,#000000
75,24,219,#000000,#000000
76,24,219,#000000,#000000
77,24,219,#000000,#000000
78,24,219,#000000,#000000
79,24,219,#000000,#000000
0,25,219,#000000,#000000
1,25,219,#000000,#000000
2,25,219,#000000,#000000
3,25,219,#000000,#000000
4,25,219,#000000,#000000
5,25,219,#000000,#000000
6,25,219,#000000,#000000
7,25,219,#000000,#000000
8,25,219,#000000,#000000
9,25,219,#000000,#000000
10,25,219,#000000,#000000
11,25,219,#000000,#000000
12,25,219,#000000,#000000
13,25,219,#000000,#000000
14,25,219,#000000,#000000
15,25,219,#000000,#000000
16,25,219,#000000,#000000
17,25,219,#000000,#000000
18,25,219,#000000,#000000
19,25,219,#000000,#000000
20,25,219,#000000,#000000
21,25,219,#000000,#000000
22,25,219,#000000,#000000
23,25,219,#000000,#000000
24,25,219,#000000,#000000
25,25,219,#000000,#000000
26,25,219,#000000,#000000
27,25,219,#000000,#000000
28,25,219,#000000,#000000
29,25,219,#000000,#000000
30,25,219,#000000,#000000
31,25,219,#000000,#000000
32,25,219,#000000,#000000
33,25,219,#000000,#000000
34,25,219,#000000,#000000
35,25,219,#000000,#000000
36,25,219,#000000,#000000
37,25,219,#000000,#000000
38,25,219,#000000,#000000
39,25,219,#000000,#000000
40,25,219,#000000,#000000
41,25,219,#000000,#000000
42,25,219,#000000,#000000
43,25,219,#000000,#000000
44,25,219,#000000,#000000
45,25,219,#000000,#000000
46,25,219,#000000,#000000
47,25,219,#000000,#000000
48,25,219,#000000,#000000
49,25,219,#000000,#000000
50,25,219,#000000,#000000
51,25,219,#000000,#000000
52,25,219,#000000,#000000
53,25,219,#000000,#000000
54,25,219,#000000,#000000
55,25,219,#000000,#000000
56,25,219,#000000,#000000
57,25,219,#000000,#000000
58,25,219,#000000,#000000
59,25,219,#000000,#000000
60,25,219,#000000,#000000
61,25,219,#000000,#000000
62,25,219,#000000,#000000
63,25,219,#000000,#000000
64,25,219,#000000,#000000
65,25,219,#000000,#000000
66,25,219,#000000,#000000
67,25,219,#000000,#000000
68,25,219,#000000,#000000
69,25,219,#000000,#000000
70,25,219,#000000,#000000
71,25,219,#000000,#000000
72,25,219,#000000,#000000
73,25,219,#000000,#000000
74,25,219,#000000,#000000
75,25,219,#000000,#000000
76,25,219,#000000,#000000
77,25,219,#000000,#000000
78,25,219,#000000,#000000
79,25,219,#000000,#000000
0,26,219,#000000,#000000
1,26,219,#000000,#000000
2,26,219,#000000,#000000
3,26,219,#D9FF66,#333333
4,26,219,#D9FF66,#333333
5,26,219,#D9FF66,#333333
6,26,219,#D9FF66,#333333
7,26,219,#D9FF66,#333333
8,26,219,#D9FF66,#333333
9,26,219,#D9FF66,#333333
10,26,219,#D9FF66,#333333
11,26,219,#D9FF66,#333333
12,26,219,#D9FF66,#333333
13,26,219,#D9FF66,#333333
14,26,219,#D9FF66,#333333
15,26,219,#D9FF66,#333333
16,26,219,#D9FF66,#333333
17,26,219,#D9FF66,#333333
18,26,219,#D9FF66,#333333
19,26,219,#D9FF66,#333333
20,26,219,#D9FF66,#333333
21,26,219,#D9FF66,#333333
22,26,219,#D9FF66,#333333
23,26,219,#D9FF66,#333333
24,26,219,#D9FF66,#333333
25,26,219,#D9FF66,#333333
26,26,219,#D9FF66,#333333
27,26,219,#D9FF66,#333333
28,26,219,#D9FF66,#333333
29,26,219,#D9FF66,#333333
30,26,219,#D9FF66,#333333
31,26,219,#D9FF66,#333333
32,26,219,#D9FF66,#333333
33,26,219,#D9FF66,#333333
34,26,219,#D9FF66,#333333
35,26,219,#D9FF66,#333333
36,26,219,#D9FF66,#333333
37,26,219,#D9FF66,#333333
38,26,219,#D9FF66,#333333
39,26,219,#D9FF66,#333333
40,26,219,#D9FF66,#333333
41,26,219,#D9FF66,#333333
42,26,219,#D9FF66,#333333
43,26,219,#D9FF66,#333333
44,26,219,#D9FF66,#333333
45,26,219,#D9FF66,#333333
46,26,219,#D9FF66,#333333
47,26,219,#D9FF66,#333333
48,26,219,#D9FF66,#333333
49,26,219,#D9FF66,#333333
50,26,219,#D9FF66,#333333
51,26,219,#D9FF66,#333333
52,26,219,#D9FF66,#333333
53,26,219,#D9FF66,#333333
54,26,219,#D9FF66,#333333
55,26,219,#D9FF66,#333333
56,26,219,#D9FF66,#333333
57,26,219,#D9FF66,#333333
58,26,219,#D9FF66,#333333
59,26,219,#D9FF66,#333333
60,26,219,#D9FF66,#333333
61,26,219,#D9FF66,#333333
62,26,219,#D9FF66,#333333
63,26,219,#D9FF66,#333333
64,26,219,#D9FF66,#333333
65,26,219,#D9FF66,#333333
66,26,219,#D9FF66,#333333
67,26,219,#D9FF66,#333333
68,26,219,#D9FF66,#333333
69,26,219,#D9FF66,#333333
70,26,219,#D9FF66,#333333
71,26,219,#D9FF66,#333333
72,26,219,#D9FF66,#333333
73,26,219,#D9FF66,#333333
74,26,219,#D9FF66,#333333
75,26,219,#D9FF66,#333333
76,26,219,#000000,#000000
77,26,219,#000000,#000000
78,26,219,#000000,#000000
79,26,219,#000000,#000000
0,27,219,#000000,#000000
1,27,219,#000000,#000000
2,27,219,#000000,#000000
3,27,219,#D9FF66,#333333
4,27,219,#D9FF66,#333333
5,27,219,#D9FF66,#333333
6,27,219,#000000,#333333
7,27,220,#000000,#D9FF66
8,27,219,#D9FF66,#333333
9,27,219,#D9FF66,#333333
10,27,219,#D9FF66,#333333
11,27,220,#000000,#D9FF66
12,27,219,#000000,#D9FF66
13,27,219,#D9FF66,#333333
14,27,219,#D9FF66,#333333
15,27,219,#D9FF66,#333333
16,27,219,#000000,#D9FF66
17,27,223,#000000,#D9FF66
18,27,220,#000000,#D9FF66
19,27,219,#D9FF66,#333333
20,27,219,#000000,#D9FF66
21,27,219,#D9FF66,#333333
22,27,219,#D9FF66,#333333
23,27,220,#000000,#D9FF66
24,27,223,#000000,#D9FF66
25,27,220,#000000,#D9FF66
26,27,219,#D9FF66,#333333
27,27,219,#000000,#D9FF66
28,27,219,#D9FF66,#333333
29,27,219,#000000,#D9FF66
30,27,219,#D9FF66,#333333
31,27,219,#000000,#D9FF66
32,27,223,#000000,#D9FF66
33,27,219,#D9FF66,#333333
34,27,219,#000000,#D9FF66
35,27,223,#000000,#D9FF66
36,27,220,#000000,#D9FF66
37,27,219,#D9FF66,#333333
38,27,219,#D9FF66,#333333
39,27,219,#D9FF66,#333333
40,27,219,#D9FF66,#333333
41,27,219,#D9FF66,#333333
42,27,219,#D9FF66,#333333
43,27,219,#D9FF66,#333333
44,27,219,#D9FF66,#333333
45,27,219,#D9FF66,#333333
46,27,223,#000000,#D9FF66
47,27,223,#000000,#D9FF66
48,27,220,#000000,#D9FF66
49,27,219,#D9FF66,#333333
50,27,219,#D9FF66,#333333
51,27,219,#000000,#D9FF66
52,27,223,#000000,#D9FF66
53,27,220,#000000,#D9FF66
54,27,219,#D9FF66,#333333
55,27,219,#000000,#D9FF66
56,27,219,#D9FF66,#333333
57,27,219,#D9FF66,#333333
58,27,220,#000000,#D9FF66
59,27,223,#000000,#D9FF66
60,27,220,#000000,#D9FF66
61,27,219,#D9FF66,#333333
62,27,219,#000000,#D9FF66
63,27,219,#D9FF66,#333333
64,27,219,#000000,#D9FF66
65,27,219,#D9FF66,#333333
66,27,219,#000000,#D9FF66
67,27,223,#000000,#D9FF66
68,27,219,#D9FF66,#333333
69,27,219,#000000,#D9FF66
70,27,223,#000000,#D9FF66
71,27,220,#000000,#D9FF66
72,27,219,#D9FF66,#333333
73,27,219,#D9FF66,#333333
74,27,219,#D9FF66,#333333
75,27,219,#D9FF66,#333333
76,27,219,#000000,#000000
77,27,219,#000000,#000000
78,27,219,#000000,#000000
79,27,219,#000000,#000000
0,28,219,#000000,#000000
1,28,219,#000000,#000000
2,28,219,#000000,#000000
3,28,219,#D9FF66,#333333
4,28,219,#D9FF66,#333333
5,28,219,#D9FF66,#333333
6,28,219,#000000,#333333
7,28,219,#000000,#333333
8,28,223,#000000,#D9FF66
9,28,219,#D9FF66,#333333
10,28,219,#D9FF66,#333333
11,28,219,#D9FF66,#333333
12,28,219,#000000,#D9FF66
13,28,219,#D9FF66,#333333
14,28,219,#D9FF66,#333333
15,28,219,#D9FF66,#333333
16,28,219,#000000,#D9FF66
17,28,223,#000000,#D9FF66
18,28,219,#D9FF66,#333333
19,28,219,#D9FF66,#333333
20,28,219,#000000,#D9FF66
21,28,219,#D9FF66,#333333
22,28,219,#D9FF66,#333333
23,28,219,#000000,#D9FF66
24,28,223,#000000,#D9FF66
25,28,219,#000000,#D9FF66
26,28,219,#D9FF66,#333333
27,28,219,#D9FF66,#333333
28,28,219,#000000,#D9FF66
29,28,219,#D9FF66,#333333
30,28,219,#D9FF66,#333333
31,28,219,#000000,#D9FF66
32,28,223,#000000,#D9FF66
33,28,219,#D9FF66,#333333
34,28,219,#000000,#D9FF66
35,28,223,#000000,#D9FF66
36,28,220,#000000,#D9FF66
37,28,219,#D9FF66,#333333
38,28,219,#D9FF66,#333333
39,28,219,#D9FF66,#333333
40,28,219,#D9FF66,#333333
41,28,219,#D9FF66,#333333
42,28,219,#D9FF66,#333333
43,28,219,#D9FF66,#333333
44,28,219,#D9FF66,#333333
45,28,219,#D9FF66,#333333
46,28,220,#000000,#D9FF66
47,28,223,#000000,#D9FF66
48,28,219,#D9FF66,#333333
49,28,219,#D9FF66,#333333
50,28,219,#D9FF66,#333333
51,28,219,#000000,#D9FF66
52,28,223,#000000,#D9FF66
53,28,219,#D9FF66,#333333
54,28,219,#D9FF66,#333333
55,28,219,#000000,#D9FF66
56,28,219,#D9FF66,#333333
57,28,219,#D9FF66,#333333
58,28,219,#000000,#D9FF66
59,28,223,#000000,#D9FF66
60,28,219,#000000,#D9FF66
61,28,219,#D9FF66,#333333
62,28,219,#D9FF66,#333333
63,28,219,#000000,#D9FF66
64,28,219,#D9FF66,#333333
65,28,219,#D9FF66,#333333
66,28,219,#000000,#D9FF66
67,28,223,#000000,#D9FF66
68,28,219,#D9FF66,#333333
69,28,219,#000000,#D9FF66
70,28,223,#000000,#D9FF66
71,28,220,#000000,#D9FF66
72,28,219,#D9FF66,#333333
73,28,219,#D9FF66,#333333
74,28,219,#D9FF66,#333333
75,28,219,#D9FF66,#333333
76,28,219,#000000,#000000
77,28,219,#000000,#000000
78,28,219,#000000,#000000
79,28,219,#000000,#000000
0,29,219,#000000,#000000
1,29,219,#000000,#000000
2,29,219,#000000,#000000
3,29,219,#D9FF66,#333333
4,29,219,#D9FF66,#333333
5,29,219,#D9FF66,#333333
6,29,223,#000000,#D9FF66
7,29,219,#D9FF66,#333333
8,29,219,#D9FF66,#333333
9,29,219,#D9FF66,#333333
10,29,219,#D9FF66,#333333
11,29,223,#000000,#D9FF66
12,29,223,#000000,#D9FF66
13,29,223,#000000,#D9FF66
14,29,219,#D9FF66,#333333
15,29,219,#D9FF66,#333333
16,29,223,#000000,#D9FF66
17,29,219,#D9FF66,#333333
18,29,219,#D9FF66,#333333
19,29,219,#D9FF66,#333333
20,29,223,#000000,#D9FF66
21,29,223,#000000,#D9FF66
22,29,219,#D9FF66,#333333
23,29,223,#000000,#D9FF66
24,29,219,#D9FF66,#333333
25,29,223,#000000,#D9FF66
26,29,219,#D9FF66,#333333
27,29,219,#D9FF66,#333333
28,29,223,#000000,#D9FF66
29,29,219,#D9FF66,#333333
30,29,219,#D9FF66,#333333
31,29,223,#000000,#D9FF66
32,29,223,#000000,#D9FF66
33,29,219,#D9FF66,#333333
34,29,223,#000000,#D9FF66
35,29,219,#D9FF66,#333333
36,29,223,#000000,#D9FF66
37,29,219,#D9FF66,#333333
38,29,219,#D9FF66,#333333
39,29,219,#D9FF66,#333333
40,29,219,#D9FF66,#333333
41,29,219,#D9FF66,#333333
42,29,219,#D9FF66,#333333
43,29,219,#D9FF66,#333333
44,29,219,#D9FF66,#333333
45,29,219,#D9FF66,#333333
46,29,223,#000000,#D9FF66
47,29,223,#000000,#D9FF66
48,29,223,#000000,#D9FF66
49,29,219,#D9FF66,#333333
50,29,219,#D9FF66,#333333
51,29,223,#000000,#D9FF66
52,29,219,#D9FF66,#333333
53,29,219,#D9FF66,#333333
54,29,219,#D9FF66,#333333
55,29,223,#000000,#D9FF66
56,29,223,#000000,#D9FF66
57,29,219,#D9FF66,#333333
58,29,223,#000000,#D9FF66
59,29,219,#D9FF66,#333333
60,29,223,#000000,#D9FF66
61,29,219,#D9FF66,#333333
62,29,219,#D9FF66,#333333
63,29,223,#000000,#D9FF66
64,29,219,#D9FF66,#333333
65,29,219,#D9FF66,#333333
66,29,223,#000000,#D9FF66
67,29,223,#000000,#D9FF66
68,29,219,#D9FF66,#333333
69,29,223,#000000,#D9FF66
70,29,219,#D9FF66,#333333
71,29,223,#000000,#D9FF66
72,29,219,#D9FF66,#333333
73,29,219,#D9FF66,#333333
74,29,219,#D9FF66,#333333
75,29,219,#D9FF66,#333333
76,29,219,#000000,#000000
77,29,219,#000000,#000000
78,29,219,#000000,#000000
79,29,219,#000000,#000000
0,30,219,#000000,#000000
1,30,219,#000000,#000000
2,30,219,#000000,#000000
3,30,219,#D9FF66,#333333
4,30,219,#D9FF66,#333333
5,30,219,#D9FF66,#333333
6,30,219,#D9FF66,#333333
7,30,219,#D9FF66,#333333
8,30,219,#D9FF66,#333333
9,30,219,#D9FF66,#333333
10,30,223,#A3D900,#D9FF66
11,30,223,#A3D900,#D9FF66
12,30,223,#A3D900,#D9FF66
13,30,223,#A3D900,#D9FF66
14,30,223,#A3D900,#D9FF66
15,30,223,#A3D900,#D9FF66
16,30,223,#A3D900,#D9FF66
17,30,223,#A3D900,#D9FF66
18,30,223,#A3D900,#D9FF66
19,30,223,#A3D900,#D9FF66
20,30,223,#A3D900,#D9FF66
21,30,223,#A3D900,#D9FF66
22,30,223,#A3D900,#D9FF66
23,30,223,#A3D900,#D9FF66
24,30,223,#A3D900,#D9FF66
25,30,223,#A3D900,#D9FF66
26,30,223,#A3D900,#D9FF66
27,30,223,#A3D900,#D9FF66
28,30,223,#A3D900,#D9FF66
29,30,223,#A3D900,#D9FF66
30,30,223,#A3D900,#D9FF66
31,30,223,#A3D900,#D9FF66
32,30,223,#A3D900,#D9FF66
33,30,223,#A3D900,#D9FF66
34,30,223,#A3D900,#D9FF66
35,30,223,#A3D900,#D9FF66
36,30,223,#A3D900,#D9FF66
37,30,223,#A3D900,#D9FF66
38,30,219,#D9FF66,#333333
39,30,219,#D9FF66,#333333
40,30,219,#D9FF66,#333333
41,30,219,#D9FF66,#333333
42,30,219,#D9FF66,#333333
43,30,219,#D9FF66,#333333
44,30,219,#D9FF66,#333333
45,30,223,#A3D900,#D9FF66
46,30,223,#A3D900,#D9FF66
47,30,223,#A3D900,#D9FF66
48,30,223,#A3D900,#D9FF66
49,30,223,#A3D900,#D9FF66
50,30,223,#A3D900,#D9FF66
51,30,223,#A3D900,#D9FF66
52,30,223,#A3D900,#D9FF66
53,30,223,#A3D900,#D9FF66
54,30,223,#A3D900,#D9FF66
55,30,223,#A3D900,#D9FF66
56,30,223,#A3D900,#D9FF66
57,30,223,#A3D900,#D9FF66
58,30,223,#A3D900,#D9FF66
59,30,223,#A3D900,#D9FF66
60,30,223,#A3D900,#D9FF66
61,30,223,#A3D900,#D9FF66
62,30,223,#A3D900,#D9FF66
63,30,223,#A3D900,#D9FF66
64,30,223,#A3D900,#D9FF66
65,30,223,#A3D900,#D9FF66
66,30,223,#A3D900,#D9FF66
67,30,223,#A3D900,#D9FF66
68,30,223,#A3D900,#D9FF66
69,30,223,#A3D900,#D9FF66
70,30,223,#A3D900,#D9FF66
71,30,223,#A3D900,#D9FF66
72,30,223,#A3D900,#D9FF66
73,30,219,#D9FF66,#D9FF66
74,30,219,#D9FF66,#333333
75,30,219,#D9FF66,#333333
76,30,219,#000000,#000000
77,30,219,#000000,#000000
78,30,219,#000000,#000000
79,30,219,#000000,#000000
0,31,219,#000000,#000000
1,31,219,#000000,#000000
2,31,219,#000000,#000000
3,31,219,#D9FF66,#333333
4,31,219,#D9FF66,#333333
5,31,219,#D9FF66,#333333
6,31,219,#D9FF66,#333333
7,31,219,#D9FF66,#333333
8,31,219,#D9FF66,#333333
9,31,219,#D9FF66,#333333
10,31,219,#D9FF66,#333333
11,31,219,#D9FF66,#333333
12,31,219,#D9FF66,#333333
13,31,219,#D9FF66,#333333
14,31,219,#D9FF66,#333333
15,31,219,#D9FF66,#333333
16,31,219,#D9FF66,#333333
17,31,219,#D9FF66,#333333
18,31,219,#D9FF66,#333333
19,31,219,#D9FF66,#333333
20,31,219,#D9FF66,#333333
21,31,219,#D9FF66,#333333
22,31,219,#D9FF66,#333333
23,31,219,#D9FF66,#333333
24,31,219,#D9FF66,#333333
25,31,219,#D9FF66,#333333
26,31,219,#D9FF66,#333333
27,31,219,#D9FF66,#333333
28,31,219,#D9FF66,#333333
29,31,219,#D9FF66,#333333
30,31,219,#D9FF66,#333333
31,31,219,#D9FF66,#333333
32,31,219,#D9FF66,#333333
33,31,219,#D9FF66,#333333
34,31,219,#D9FF66,#333333
35,31,219,#D9FF66,#333333
36,31,219,#D9FF66,#333333
37,31,219,#D9FF66,#333333
38,31,219,#D9FF66,#333333
39,31,219,#D9FF66,#333333
40,31,219,#D9FF66,#333333
41,31,219,#D9FF66,#333333
42,31,219,#D9FF66,#333333
43,31,219,#D9FF66,#333333
44,31,219,#D9FF66,#333333
45,31,219,#D9FF66,#333333
46,31,219,#D9FF66,#333333
47,31,219,#D9FF66,#333333
48,31,219,#D9FF66,#333333
49,31,219,#D9FF66,#333333
50,31,219,#D9FF66,#333333
51,31,219,#D9FF66,#333333
52,31,219,#D9FF66,#333333
53,31,219,#D9FF66,#333333
54,31,219,#D9FF66,#333333
55,31,219,#D9FF66,#333333
56,31,219,#D9FF66,#333333
57,31,219,#D9FF66,#333333
58,31,219,#D9FF66,#333333
59,31,219,#D9FF66,#333333
60,31,219,#D9FF66,#333333
61,31,219,#D9FF66,#333333
62,31,219,#D9FF66,#333333
63,31,219,#D9FF66,#333333
64,31,219,#D9FF66,#333333
65,31,219,#D9FF66,#333333
66,31,219,#D9FF66,#333333
67,31,219,#D9FF66,#333333
68,31,219,#D9FF66,#333333
69,31,219,#D9FF66,#333333
70,31,219,#D9FF66,#333333
71,31,219,#D9FF66,#333333
72,31,219,#D9FF66,#333333
73,31,219,#D9FF66,#333333
74,31,219,#D9FF66,#333333
75,31,219,#D9FF66,#333333
76,31,219,#000000,#000000
77,31,219,#000000,#000000
78,31,219,#000000,#000000
79,31,219,#000000,#000000
0,32,219,#000000,#000000
1,32,219,#000000,#000000
2,32,219,#000000,#000000
3,32,219,#D9FF66,#333333
4,32,219,#D9FF66,#333333
5,32,219,#D9FF66,#333333
6,32,219,#D9FF66,#333333
7,32,219,#D9FF66,#333333
8,32,219,#D9FF66,#333333
9,32,219,#D9FF66,#333333
10,32,219,#D9FF66,#333333
11,32,219,#D9FF66,#333333
12,32,219,#D9FF66,#333333
13,32,219,#D9FF66,#333333
14,32,219,#D9FF66,#333333
15,32,219,#D9FF66,#333333
16,32,220,#000000,#D9FF66
17,32,220,#000000,#D9FF66
18,32,219,#D9FF66,#D9FF66
19,32,219,#D9FF66,#333333
20,32,219,#D9FF66,#333333
21,32,219,#D9FF66,#333333
22,32,219,#D9FF66,#333333
23,32,219,#D9FF66,#333333
24,32,219,#D9FF66,#333333
25,32,219,#D9FF66,#333333
26,32,219,#D9FF66,#333333
27,32,219,#D9FF66,#333333
28,32,219,#D9FF66,#333333
29,32,219,#D9FF66,#333333
30,32,219,#D9FF66,#333333
31,32,219,#D9FF66,#333333
32,32,219,#D9FF66,#333333
33,32,219,#D9FF66,#333333
34,32,219,#D9FF66,#333333
35,32,219,#D9FF66,#333333
36,32,219,#D9FF66,#333333
37,32,219,#D9FF66,#333333
38,32,219,#D9FF66,#333333
39,32,219,#D9FF66,#333333
40,32,219,#D9FF66,#333333
41,32,219,#D9FF66,#333333
42,32,219,#D9FF66,#333333
43,32,219,#D9FF66,#333333
44,32,219,#D9FF66,#333333
45,32,219,#D9FF66,#333333
46,32,219,#D9FF66,#333333
47,32,219,#D9FF66,#333333
48,32,219,#D9FF66,#333333
49,32,219,#D9FF66,#333333
50,32,219,#D9FF66,#333333
51,32,219,#D9FF66,#333333
52,32,219,#D9FF66,#333333
53,32,219,#D9FF66,#333333
54,32,219,#D9FF66,#333333
55,32,219,#D9FF66,#333333
56,32,219,#D9FF66,#333333
57,32,219,#D9FF66,#333333
58,32,219,#D9FF66,#333333
59,32,219,#D9FF66,#333333
60,32,219,#D9FF66,#333333
61,32,219,#D9FF66,#333333
62,32,219,#D9FF66,#333333
63,32,219,#D9FF66,#333333
64,32,219,#D9FF66,#333333
65,32,219,#D9FF66,#333333
66,32,219,#D9FF66,#333333
67,32,219,#D9FF66,#333333
68,32,219,#D9FF66,#333333
69,32,219,#D9FF66,#333333
70,32,219,#D9FF66,#333333
71,32,219,#D9FF66,#333333
72,32,219,#D9FF66,#333333
73,32,219,#D9FF66,#333333
74,32,219,#D9FF66,#333333
75,32,219,#D9FF66,#333333
76,32,219,#000000,#000000
77,32,219,#000000,#000000
78,32,219,#000000,#000000
79,32,219,#000000,#000000
0,33,219,#000000,#000000
1,33,219,#000000,#000000
2,33,219,#000000,#000000
3,33,219,#D9FF66,#333333
4,33,219,#D9FF66,#333333
5,33,219,#D9FF66,#333333
6,33,219,#D9FF66,#333333
7,33,219,#D9FF66,#333333
8,33,219,#D9FF66,#333333
9,33,219,#D9FF66,#333333
10,33,219,#D9FF66,#333333
11,33,219,#D9FF66,#333333
12,33,219,#D9FF66,#333333
13,33,219,#D9FF66,#333333
14,33,220,#000000,#D9FF66
15,33,223,#000000,#D9FF66
16,33,219,#D9FF66,#333333
17,33,220,#000000,#D9FF66
18,33,223,#000000,#D9FF66
19,33,220,#000000,#D9FF66
20,33,219,#D9FF66,#333333
21,33,219,#D9FF66,#333333
22,33,220,#000000,#D9FF66
23,33,219,#000000,#D9FF66
24,33,219,#D9FF66,#333333
25,33,219,#D9FF66,#333333
26,33,220,#000000,#D9FF66
27,33,223,#000000,#D9FF66
28,33,220,#000000,#D9FF66
29,33,219,#D9FF66,#333333
30,33,220,#000000,#D9FF66
31,33,223,#000000,#D9FF66
32,33,220,#000000,#D9FF66
33,33,219,#D9FF66,#333333
34,33,220,#000000,#D9FF66
35,33,223,#000000,#D9FF66
36,33,220,#000000,#D9FF66
37,33,219,#D9FF66,#333333
38,33,219,#D9FF66,#333333
39,33,219,#D9FF66,#333333
40,33,219,#D9FF66,#333333
41,33,219,#000000,#D9FF66
42,33,220,#000000,#D9FF66
43,33,219,#D9FF66,#333333
44,33,219,#000000,#D9FF66
45,33,219,#D9FF66,#333333
46,33,223,#000000,#D9FF66
47,33,219,#D9FF66,#333333
48,33,219,#D9FF66,#333333
49,33,219,#D9FF66,#333333
50,33,219,#D9FF66,#333333
51,33,220,#000000,#D9FF66
52,33,219,#000000,#D9FF66
53,33,220,#000000,#D9FF66
54,33,219,#D9FF66,#333333
55,33,220,#000000,#D9FF66
56,33,219,#D9FF66,#333333
57,33,219,#D9FF66,#333333
58,33,219,#D9FF66,#333333
59,33,219,#D9FF66,#333333
60,33,219,#D9FF66,#333333
61,33,219,#D9FF66,#333333
62,33,219,#D9FF66,#333333
63,33,219,#D9FF66,#333333
64,33,219,#000000,#D9FF66
65,33,219,#D9FF66,#333333
66,33,219,#D9FF66,#333333
67,33,220,#000000,#D9FF66
68,33,219,#D9FF66,#333333
69,33,219,#D9FF66,#333333
70,33,219,#D9FF66,#333333
71,33,219,#D9FF66,#333333
72,33,219,#D9FF66,#333333
73,33,219,#D9FF66,#333333
74,33,219,#D9FF66,#333333
75,33,219,#D9FF66,#333333
76,33,219,#000000,#000000
77,33,219,#000000,#000000
78,33,219,#000000,#000000
79,33,219,#000000,#000000
0,34,219,#000000,#000000
1,34,219,#000000,#000000
2,34,219,#000000,#000000
3,34,219,#D9FF66,#333333
4,34,219,#D9FF66,#333333
5,34,219,#D9FF66,#333333
6,34,219,#D9FF66,#333333
7,34,219,#D9FF66,#333333
8,34,219,#D9FF66,#333333
9,34,219,#D9FF66,#333333
10,34,219,#D9FF66,#333333
11,34,219,#D9FF66,#333333
12,34,219,#D9FF66,#333333
13,34,219,#D9FF66,#333333
14,34,219,#000000,#D9FF66
15,34,219,#D9FF66,#333333
16,34,223,#000000,#D9FF66
17,34,220,#000000,#D9FF66
18,34,219,#D9FF66,#333333
19,34,219,#000000,#D9FF66
20,34,219,#D9FF66,#333333
21,34,219,#D9FF66,#333333
22,34,219,#D9FF66,#333333
23,34,219,#000000,#D9FF66
24,34,219,#D9FF66,#333333
25,34,219,#D9FF66,#333333
26,34,223,#000000,#D9FF66
27,34,223,#000000,#D9FF66
28,34,219,#000000,#D9FF66
29,34,219,#D9FF66,#333333
30,34,220,#000000,#D9FF66
31,34,223,#000000,#D9FF66
32,34,220,#000000,#D9FF66
33,34,219,#D9FF66,#333333
34,34,223,#000000,#D9FF66
35,34,223,#000000,#D9FF66
36,34,219,#000000,#D9FF66
37,34,219,#D9FF66,#333333
38,34,219,#D9FF66,#333333
39,34,219,#D9FF66,#333333
40,34,219,#D9FF66,#333333
41,34,219,#000000,#D9FF66
42,34,219,#D9FF66,#333333
43,34,223,#000000,#D9FF66
44,34,219,#000000,#D9FF66
45,34,219,#D9FF66,#333333
46,34,219,#000000,#D9FF66
47,34,219,#D9FF66,#333333
48,34,219,#000000,#D9FF66
49,34,223,#000000,#D9FF66
50,34,220,#000000,#D9FF66
51,34,219,#D9FF66,#333333
52,34,219,#000000,#D9FF66
53,34,219,#D9FF66,#333333
54,34,219,#000000,#D9FF66
55,34,220,#000000,#D9FF66
56,34,223,#000000,#D9FF66
57,34,219,#D9FF66,#333333
58,34,219,#000000,#D9FF66
59,34,223,#000000,#D9FF66
60,34,220,#000000,#D9FF66
61,34,219,#D9FF66,#333333
62,34,220,#000000,#D9FF66
63,34,223,#000000,#D9FF66
64,34,219,#000000,#D9FF66
65,34,219,#D9FF66,#333333
66,34,219,#000000,#D9FF66
67,34,219,#D9FF66,#333333
68,34,219,#000000,#D9FF66
69,34,219,#D9FF66,#333333
70,34,219,#D9FF66,#333333
71,34,219,#D9FF66,#333333
72,34,219,#D9FF66,#333333
73,34,219,#D9FF66,#333333
74,34,219,#D9FF66,#333333
75,34,219,#D9FF66,#333333
76,34,219,#000000,#000000
77,34,219,#000000,#000000
78,34,219,#000000,#000000
79,34,219,#000000,#000000
0,35,219,#000000,#000000
1,35,219,#000000,#000000
2,35,219,#000000,#000000
3,35,219,#D9FF66,#333333
4,35,219,#D9FF66,#333333
5,35,219,#D9FF66,#333333
6,35,219,#D9FF66,#333333
7,35,219,#D9FF66,#333333
8,35,219,#D9FF66,#333333
9,35,219,#D9FF66,#333333
10,35,219,#D9FF66,#333333
11,35,219,#D9FF66,#333333
12,35,219,#D9FF66,#333333
13,35,219,#D9FF66,#333333
14,35,219,#D9FF66,#333333
15,35,223,#000000,#D9FF66
16,35,220,#000000,#D9FF66
17,35,220,#000000,#D9FF66
18,35,223,#000000,#D9FF66
19,35,219,#D9FF66,#D9FF66
20,35,219,#D9FF66,#333333
21,35,219,#D9FF66,#333333
22,35,223,#000000,#D9FF66
23,35,223,#000000,#D9FF66
24,35,223,#000000,#D9FF66
25,35,219,#D9FF66,#333333
26,35,223,#000000,#D9FF66
27,35,223,#000000,#D9FF66
28,35,219,#D9FF66,#333333
29,35,219,#D9FF66,#333333
30,35,219,#D9FF66,#333333
31,35,223,#000000,#D9FF66
32,35,219,#D9FF66,#333333
33,35,219,#D9FF66,#333333
34,35,223,#000000,#D9FF66
35,35,223,#000000,#D9FF66
36,35,219,#D9FF66,#333333
37,35,219,#D9FF66,#333333
38,35,219,#D9FF66,#333333
39,35,219,#D9FF66,#333333
40,35,219,#D9FF66,#333333
41,35,223,#000000,#D9FF66
42,35,219,#D9FF66,#333333
43,35,219,#D9FF66,#333333
44,35,223,#000000,#D9FF66
45,35,219,#D9FF66,#333333
46,35,223,#000000,#D9FF66
47,35,219,#D9FF66,#333333
48,35,223,#000000,#D9FF66
49,35,219,#D9FF66,#333333
50,35,223,#000000,#D9FF66
51,35,219,#D9FF66,#333333
52,35,223,#000000,#D9FF66
53,35,219,#D9FF66,#333333
54,35,219,#D9FF66,#333333
55,35,223,#000000,#D9FF66
56,35,223,#000000,#D9FF66
57,35,219,#D9FF66,#333333
58,35,223,#000000,#D9FF66
59,35,219,#D9FF66,#333333
60,35,223,#000000,#D9FF66
61,35,219,#D9FF66,#333333
62,35,219,#D9FF66,#333333
63,35,223,#000000,#D9FF66
64,35,223,#000000,#D9FF66
65,35,219,#D9FF66,#333333
66,35,219,#D9FF66,#333333
67,35,223,#000000,#D9FF66
68,35,219,#D9FF66,#333333
69,35,219,#D9FF66,#333333
70,35,219,#D9FF66,#333333
71,35,219,#D9FF66,#333333
72,35,219,#D9FF66,#333333
73,35,219,#D9FF66,#333333
74,35,219,#D9FF66,#333333
75,35,219,#D9FF66,#333333
76,35,219,#000000,#000000
77,35,219,#000000,#000000
78,35,219,#000000,#000000
79,35,219,#000000,#000000
0,36,219,#000000,#000000
1,36,219,#000000,#000000
2,36,219,#000000,#000000
3,36,219,#D9FF66,#333333
4,36,219,#D9FF66,#333333
5,36,219,#D9FF66,#333333
6,36,219,#D9FF66,#333333
7,36,219,#D9FF66,#333333
8,36,219,#D9FF66,#333333
9,36,219,#D9FF66,#333333
10,36,219,#D9FF66,#333333
11,36,219,#D9FF66,#333333
12,36,219,#D9FF66,#333333
13,36,219,#D9FF66,#333333
14,36,219,#D9FF66,#333333
15,36,219,#D9FF66,#333333
16,36,219,#D9FF66,#333333
17,36,219,#D9FF66,#333333
18,36,219,#D9FF66,#333333
19,36,219,#D9FF66,#333333
20,36,219,#D9FF66,#333333
21,36,219,#D9FF66,#333333
22,36,219,#D9FF66,#333333
23,36,219,#D9FF66,#333333
24,36,219,#D9FF66,#333333
25,36,219,#D9FF66,#333333
26,36,219,#D9FF66,#333333
27,36,219,#D9FF66,#333333
28,36,219,#D9FF66,#333333
29,36,219,#D9FF66,#333333
30,36,219,#D9FF66,#333333
31,36,219,#D9FF66,#333333
32,36,219,#D9FF66,#333333
33,36,219,#D9FF66,#333333
34,36,219,#D9FF66,#333333
35,36,219,#D9FF66,#333333
36,36,219,#D9FF66,#333333
37,36,219,#D9FF66,#333333
38,36,219,#D9FF66,#333333
39,36,219,#D9FF66,#333333
40,36,219,#D9FF66,#333333
41,36,219,#D9FF66,#333333
42,36,219,#D9FF66,#333333
43,36,219,#D9FF66,#333333
44,36,219,#D9FF66,#333333
45,36,219,#D9FF66,#333333
46,36,219,#D9FF66,#333333
47,36,219,#D9FF66,#333333
48,36,219,#D9FF66,#333333
49,36,219,#D9FF66,#333333
50,36,219,#D9FF66,#333333
51,36,219,#D9FF66,#333333
52,36,219,#D9FF66,#333333
53,36,219,#D9FF66,#333333
54,36,219,#D9FF66,#333333
55,36,219,#D9FF66,#333333
56,36,219,#D9FF66,#333333
57,36,219,#D9FF66,#333333
58,36,219,#D9FF66,#333333
59,36,219,#D9FF66,#333333
60,36,219,#D9FF66,#333333
61,36,219,#D9FF66,#333333
62,36,219,#D9FF66,#333333
63,36,219,#D9FF66,#333333
64,36,219,#D9FF66,#333333
65,36,219,#D9FF66,#333333
66,36,219,#D9FF66,#333333
67,36,219,#D9FF66,#333333
68,36,219,#D9FF66,#333333
69,36,219,#D9FF66,#333333
70,36,219,#D9FF66,#333333
71,36,219,#D9FF66,#333333
72,36,219,#D9FF66,#333333
73,36,219,#D9FF66,#333333
74,36,219,#D9FF66,#333333
75,36,219,#D9FF66,#333333
76,36,219,#000000,#000000
77,36,219,#000000,#000000
78,36,219,#000000,#000000
79,36,219,#000000,#000000
0,37,219,#000000,#000000
1,37,219,#000000,#000000
2,37,219,#000000,#000000
3,37,219,#D9FF66,#333333
4,37,219,#D9FF66,#333333
5,37,219,#D9FF66,#333333
6,37,219,#D9FF66,#333333
7,37,219,#D9FF66,#333333
8,37,219,#D9FF66,#333333
9,37,219,#D9FF66,#333333
10,37,219,#D9FF66,#333333
11,37,219,#D9FF66,#333333
12,37,219,#D9FF66,#333333
13,37,219,#D9FF66,#333333
14,37,219,#D9FF66,#333333
15,37,219,#D9FF66,#333333
16,37,219,#D9FF66,#333333
17,37,219,#D9FF66,#333333
18,37,219,#D9FF66,#333333
19,37,219,#D9FF66,#333333
20,37,219,#D9FF66,#333333
21,37,219,#D9FF66,#333333
22,37,219,#D9FF66,#333333
23,37,219,#D9FF66,#333333
24,37,219,#D9FF66,#333333
25,37,219,#D9FF66,#333333
26,37,219,#D9FF66,#333333
27,37,219,#D9FF66,#333333
28,37,219,#D9FF66,#333333
29,37,219,#D9FF66,#333333
30,37,219,#D9FF66,#333333
31,37,219,#D9FF66,#333333
32,37,219,#D9FF66,#333333
33,37,219,#D9FF66,#333333
34,37,219,#D9FF66,#333333
35,37,219,#D9FF66,#333333
36,37,219,#D9FF66,#333333
37,37,219,#D9FF66,#333333
38,37,219,#D9FF66,#333333
39,37,219,#D9FF66,#333333
40,37,219,#D9FF66,#333333
41,37,219,#D9FF66,#333333
42,37,219,#D9FF66,#333333
43,37,219,#D9FF66,#333333
44,37,219,#D9FF66,#333333
45,37,219,#D9FF66,#333333
46,37,219,#D9FF66,#333333
47,37,219,#D9FF66,#333333
48,37,219,#D9FF66,#333333
49,37,219,#D9FF66,#333333
50,37,219,#D9FF66,#333333
51,37,219,#D9FF66,#333333
52,37,219,#D9FF66,#333333
53,37,219,#D9FF66,#333333
54,37,219,#D9FF66,#333333
55,37,219,#D9FF66,#333333
56,37,219,#D9FF66,#333333
57,37,219,#D9FF66,#333333
58,37,219,#D9FF66,#333333
59,37,219,#D9FF66,#333333
60,37,219,#D9FF66,#333333
61,37,219,#D9FF66,#333333
62,37,219,#D9FF66,#333333
63,37,219,#D9FF66,#333333
64,37,219,#D9FF66,#333333
65,37,219,#D9FF66,#333333
66,37,219,#D9FF66,#333333
67,37,219,#D9FF66,#333333
68,37,219,#D9FF66,#333333
69,37,219,#D9FF66,#333333
70,37,219,#D9FF66,#333333
71,37,219,#D9FF66,#333333
72,37,219,#D9FF66,#333333
73,37,219,#D9FF66,#333333
74,37,219,#D9FF66,#333333
75,37,219,#D9FF66,#333333
76,37,219,#000000,#000000
77,37,219,#000000,#000000
78,37,219,#000000,#000000
79,37,219,#000000,#000000
0,38,219,#000000,#000000
1,38,219,#000000,#000000
2,38,219,#000000,#000000
3,38,219,#000000,#000000
4,38,219,#000000,#000000
5,38,219,#000000,#000000
6,38,219,#000000,#000000
7,38,219,#000000,#000000
8,38,219,#000000,#000000
9,38,219,#000000,#000000
10,38,219,#000000,#000000
11,38,219,#000000,#000000
12,38,219,#000000,#000000
13,38,219,#000000,#000000
14,38,219,#000000,#000000
15,38,219,#000000,#000000
16,38,219,#000000,#000000
17,38,219,#000000,#000000
18,38,219,#000000,#000000
19,38,219,#000000,#000000
20,38,219,#000000,#000000
21,38,219,#000000,#000000
22,38,219,#000000,#000000
23,38,219,#000000,#000000
24,38,219,#000000,#000000
25,38,219,#000000,#000000
26,38,219,#000000,#000000
27,38,219,#000000,#000000
28,38,219,#000000,#000000
29,38,219,#000000,#000000
30,38,219,#000000,#000000
31,38,219,#000000,#000000
32,38,219,#000000,#000000
33,38,219,#000000,#000000
34,38,219,#000000,#000000
35,38,219,#000000,#000000
36,38,219,#000000,#000000
37,38,219,#000000,#000000
38,38,219,#000000,#000000
39,38,219,#000000,#000000
40,38,219,#000000,#000000
41,38,219,#000000,#000000
42,38,219,#000000,#000000
43,38,219,#000000,#000000
44,38,219,#000000,#000000
45,38,219,#000000,#000000
46,38,219,#000000,#000000
47,38,219,#000000,#000000
48,38,219,#000000,#000000
49,38,219,#000000,#000000
50,38,219,#000000,#000000
51,38,219,#000000,#000000
52,38,219,#000000,#000000
53,38,219,#000000,#000000
54,38,219,#000000,#000000
55,38,219,#000000,#000000
56,38,219,#000000,#000000
57,38,219,#000000,#000000
58,38,219,#000000,#000000
59,38,219,#000000,#000000
60,38,219,#000000,#000000
61,38,219,#000000,#000000
62,38,219,#000000,#000000
63,38,219,#000000,#000000
64,38,219,#000000,#000000
65,38,219,#000000,#000000
66,38,219,#000000,#000000
67,38,219,#000000,#000000
68,38,219,#000000,#000000
69,38,219,#000000,#000000
70,38,219,#000000,#000000
71,38,219,#000000,#000000
72,38,219,#000000,#000000
73,38,219,#000000,#000000
74,38,219,#000000,#000000
75,38,219,#000000,#000000
76,38,219,#000000,#000000
77,38,219,#000000,#000000
78,38,219,#000000,#000000
79,38,219,#000000,#000000
0,39,219,#000000,#000000
1,39,219,#000000,#000000
2,39,219,#000000,#000000
3,39,219,#000000,#000000
4,39,219,#000000,#000000
5,39,219,#000000,#000000
6,39,219,#000000,#000000
7,39,219,#000000,#000000
8,39,219,#000000,#000000
9,39,219,#000000,#000000
10,39,219,#000000,#000000
11,39,219,#000000,#000000
12,39,219,#000000,#000000
13,39,219,#000000,#000000
14,39,219,#000000,#000000
15,39,219,#000000,#000000
16,39,219,#000000,#000000
17,39,219,#000000,#000000
18,39,219,#000000,#000000
19,39,219,#000000,#000000
20,39,219,#000000,#000000
21,39,219,#000000,#000000
22,39,219,#000000,#000000
23,39,219,#000000,#000000
24,39,219,#000000,#000000
25,39,219,#000000,#000000
26,39,219,#000000,#000000
27,39,219,#000000,#000000
28,39,219,#000000,#000000
29,39,219,#000000,#000000
30,39,219,#000000,#000000
31,39,219,#000000,#000000
32,39,219,#000000,#000000
33,39,219,#000000,#000000
34,39,219,#000000,#000000
35,39,219,#000000,#000000
36,39,219,#000000,#000000
37,39,219,#000000,#000000
38,39,219,#000000,#000000
39,39,219,#000000,#000000
40,39,219,#000000,#000000
41,39,219,#000000,#000000
42,39,219,#000000,#000000
43,39,219,#000000,#000000
44,39,219,#000000,#000000
45,39,219,#000000,#000000
46,39,219,#000000,#000000
47,39,219,#000000,#000000
48,39,219,#000000,#000000
49,39,219,#000000,#000000
50,39,219,#000000,#000000
51,39,219,#000000,#000000
52,39,219,#000000,#000000
53,39,219,#000000,#000000
54,39,219,#000000,#000000
55,39,219,#000000,#000000
56,39,219,#000000,#000000
57,39,219,#000000,#000000
58,39,219,#000000,#000000
59,39,219,#000000,#000000
60,39,219,#000000,#000000
61,39,219,#000000,#000000
62,39,219,#000000,#000000
63,39,219,#000000,#000000
64,39,219,#000000,#000000
65,39,219,#000000,#000000
66,39,219,#000000,#000000
67,39,219,#000000,#000000
68,39,219,#000000,#000000
69,39,219,#000000,#000000
70,39,219,#000000,#000000
71,39,219,#000000,#000000
72,39,219,#000000,#000000
73,39,219,#000000,#000000
74,39,219,#000000,#000000
75,39,219,#000000,#000000
76,39,219,#000000,#000000
77,39,219,#000000,#000000
78,39,219,#000000,#000000
79,39,219,#000000,#000000
